sampleID,plateID,Tube Row,Tube Column,extractionid,extractionconcentration,LibID,LIBplateID,Data_yield,Reseq,Type,Index_plate,Reason,Selected_for_reprep
ID1490,EXT00001,A,1,EXT-MX001-A1,49.2,LIB-MX001-A1,LIB0001 (Index A),5.3,x,sample,A,contamination,selected
ID1122,EXT00001,A,2,EXT-MX001-A2,66.4,LIB-MX001-A2,LIB0001 (Index A),4.6,x,sample,A,contamination,selected
ID3227,EXT00001,A,3,EXT-MX001-A3,38.72,LIB-MX001-A3,LIB0001 (Index A),6.4,x,sample,A,contamination,selected
ID1244,EXT00001,A,4,EXT-MX001-A4,52.38,LIB-MX001-A4,LIB0001 (Index A),4.9,x,sample,A,contamination,selected
ID1668,EXT00001,A,5,EXT-MX001-A5,40.82,LIB-MX001-A5,LIB0001 (Index A),7.4,x,sample,A,contamination,selected
ID1411,EXT00001,A,6,EXT-MX001-A6,38.1,LIB-MX001-A6,LIB0001 (Index A),3.3,,sample,A,,#N/A
ID1495,EXT00001,A,7,EXT-MX001-A7,22.96,LIB-MX001-A7,LIB0001 (Index A),3.2,,sample,A,,#N/A
ID1615,EXT00001,A,8,EXT-MX001-A8,58.49,LIB-MX001-A8,LIB0001 (Index A),4.8,,sample,A,,#N/A
ID3079,EXT00001,A,9,EXT-MX001-A9,20.55,LIB-MX001-A9,LIB0001 (Index A),4.3,,sample,A,,#N/A
ID3021,EXT00001,A,10,EXT-MX001-A10,63.97,LIB-MX001-A10,LIB0001 (Index A),4.8,,sample,A,,#N/A
ID1951,EXT00001,A,11,EXT-MX001-A11,49.23,LIB-MX001-A11,LIB0001 (Index A),5.6,,sample,A,,#N/A
ID1987,EXT00001,A,12,EXT-MX001-A12,26.19,LIB-MX001-A12,LIB0001 (Index A),0.0,x,sample,A,lowyield,selected
ID1656,EXT00001,B,1,EXT-MX001-B1,2.06,LIB-MX001-B1,LIB0001 (Index A),7.8,x,sample,A,contamination,selected
ID1845,EXT00001,B,2,EXT-MX001-B2,28.59,LIB-MX001-B2,LIB0001 (Index A),4.3,x,sample,A,contamination,selected
ID1722,EXT00001,B,3,EXT-MX001-B3,211.54,LIB-MX001-B3,LIB0001 (Index A),4.9,x,sample,A,contamination,selected
ID1803,EXT00001,B,4,EXT-MX001-B4,73.6,LIB-MX001-B4,LIB0001 (Index A),6.5,x,sample,A,contamination,selected
ID3051,EXT00001,B,5,EXT-MX001-B5,161,LIB-MX001-B5,LIB0001 (Index A),6.4,x,sample,A,contamination,selected
ID1327,EXT00001,B,6,EXT-MX001-B6,65.76,LIB-MX001-B6,LIB0001 (Index A),2.9,,sample,A,,#N/A
ID3068,EXT00001,B,7,EXT-MX001-B7,404.35,LIB-MX001-B7,LIB0001 (Index A),5.9,,sample,A,,#N/A
ID1759,EXT00001,B,8,EXT-MX001-B8,51.79,LIB-MX001-B8,LIB0001 (Index A),5.4,,sample,A,,#N/A
ID1690,EXT00001,B,9,EXT-MX001-B9,256.81,LIB-MX001-B9,LIB0001 (Index A),8.0,,sample,A,,#N/A
ID1329,EXT00001,B,10,EXT-MX001-B10,48.21,LIB-MX001-B10,LIB0001 (Index A),7.1,,sample,A,,#N/A
ID1797,EXT00001,B,11,EXT-MX001-B11,1.11,LIB-MX001-B11,LIB0001 (Index A),7.9,,sample,A,,#N/A
ID1669,EXT00001,B,12,EXT-MX001-B12,3.88,LIB-MX001-B12,LIB0001 (Index A),4.4,,sample,A,,#N/A
ID1625,EXT00001,C,1,EXT-MX001-C1,3.26,LIB-MX001-C1,LIB0001 (Index A),4.8,x,sample,A,contamination,selected
ID3049,EXT00001,C,2,EXT-MX001-C2,22.4,LIB-MX001-C2,LIB0001 (Index A),6.3,x,sample,A,contamination,selected
NA,EXT00001,C,3,EXT-MX001-C3,-0.01,LIB-MX001-C3,LIB0001 (Index A),5.5,,control,A,,#N/A
ID1816,EXT00001,C,4,EXT-MX001-C4,87.81,LIB-MX001-C4,LIB0001 (Index A),0.0,x,sample,A,contamination,selected
ID1979,EXT00001,C,5,EXT-MX001-C5,274.94,LIB-MX001-C5,LIB0001 (Index A),5.1,x,sample,A,contamination,selected
ID3240,EXT00001,C,6,EXT-MX001-C6,1.9,LIB-MX001-C6,LIB0001 (Index A),2.9,,sample,A,,#N/A
ID1326,EXT00001,C,7,EXT-MX001-C7,55.6,LIB-MX001-C7,LIB0001 (Index A),7.4,,sample,A,,#N/A
ID3340,EXT00001,C,8,EXT-MX001-C8,115.66,LIB-MX001-C8,LIB0001 (Index A),6.3,,sample,A,,#N/A
ID1249,EXT00001,C,9,EXT-MX001-C9,162,LIB-MX001-C9,LIB0001 (Index A),6.6,,sample,A,,#N/A
NA,EXT00001,C,10,EXT-MX001-C10,-0.02,LIB-MX001-C10,LIB0001 (Index A),0.0,,control,A,,#N/A
ID1401,EXT00001,C,11,EXT-MX001-C11,51.65,LIB-MX001-C11,LIB0001 (Index A),5.6,,sample,A,,#N/A
ID1986,EXT00001,C,12,EXT-MX001-C12,70.51,LIB-MX001-C12,LIB0001 (Index A),4.3,,sample,A,,#N/A
ID1352,EXT00001,D,1,EXT-MX001-D1,16.75,LIB-MX001-D1,LIB0001 (Index A),0.0,x,sample,A,contamination,selected
ID3164,EXT00001,D,2,EXT-MX001-D2,230.3,LIB-MX001-D2,LIB0001 (Index A),0.0,x,sample,A,contamination,selected
ID1918,EXT00001,D,3,EXT-MX001-D3,52.7,LIB-MX001-D3,LIB0001 (Index A),0.0,x,sample,A,contamination,selected
ID1254,EXT00001,D,4,EXT-MX001-D4,33.94,LIB-MX001-D4,LIB0001 (Index A),7.7,x,sample,A,contamination,selected
ID1517,EXT00001,D,5,EXT-MX001-D5,667.44,LIB-MX001-D5,LIB0001 (Index A),7.4,x,sample,A,contamination,selected
ID3089,EXT00001,D,6,EXT-MX001-D6,119,LIB-MX001-D6,LIB0001 (Index A),2.9,,sample,A,,#N/A
ID1862,EXT00001,D,7,EXT-MX001-D7,137,LIB-MX001-D7,LIB0001 (Index A),6.3,,sample,A,,#N/A
ID1576,EXT00001,D,8,EXT-MX001-D8,39.34,LIB-MX001-D8,LIB0001 (Index A),5.5,,sample,A,,#N/A
ID1320,EXT00001,D,9,EXT-MX001-D9,66.4,LIB-MX001-D9,LIB0001 (Index A),5.3,,sample,A,,#N/A
ID1660,EXT00001,D,10,EXT-MX001-D10,60.38,LIB-MX001-D10,LIB0001 (Index A),4.8,,sample,A,,#N/A
ID1575,EXT00001,D,11,EXT-MX001-D11,46.67,LIB-MX001-D11,LIB0001 (Index A),9.5,,sample,A,,#N/A
NA,EXT00001,D,12,EXT-MX001-D12,15.8,LIB-MX001-D12,LIB0001 (Index A),5.3,,control,A,,#N/A
ID1746,EXT00001,E,1,EXT-MX001-E1,33.11,LIB-MX001-E1,LIB0001 (Index A),0.0,x,sample,A,lowyield,selected
ID3033,EXT00001,E,2,EXT-MX001-E2,0.55,LIB-MX001-E2,LIB0001 (Index A),6.9,,sample,A,,#N/A
ID1795,EXT00001,E,3,EXT-MX001-E3,0.82,LIB-MX001-E3,LIB0001 (Index A),5.9,,sample,A,,#N/A
ID1623,EXT00001,E,4,EXT-MX001-E4,9.86,LIB-MX001-E4,LIB0001 (Index A),3.9,,sample,A,,#N/A
ID1410,EXT00001,E,5,EXT-MX001-E5,0.21,LIB-MX001-E5,LIB0001 (Index A),0.5,x,sample,A,lowyield,#N/A
ID1814,EXT00001,E,6,EXT-MX001-E6,26.64,LIB-MX001-E6,LIB0001 (Index A),3.8,,sample,A,,#N/A
ID1670,EXT00001,E,7,EXT-MX001-E7,70.26,LIB-MX001-E7,LIB0001 (Index A),5.3,,sample,A,,#N/A
ID1965,EXT00001,E,8,EXT-MX001-E8,47.66,LIB-MX001-E8,LIB0001 (Index A),6.8,,sample,A,,#N/A
ID3002,EXT00001,E,9,EXT-MX001-E9,65.27,LIB-MX001-E9,LIB0001 (Index A),6.0,,sample,A,,#N/A
ID1568,EXT00001,E,10,EXT-MX001-E10,60.42,LIB-MX001-E10,LIB0001 (Index A),6.4,,sample,A,,#N/A
ID1882,EXT00001,E,11,EXT-MX001-E11,64.48,LIB-MX001-E11,LIB0001 (Index A),7.2,,sample,A,,#N/A
ID1681,EXT00001,F,1,EXT-MX001-F1,25.53,LIB-MX001-F1,LIB0001 (Index A),5.1,,sample,A,,#N/A
ID1616,EXT00001,F,2,EXT-MX001-F2,12.3,LIB-MX001-F2,LIB0001 (Index A),4.4,,sample,A,,#N/A
NA,EXT00001,F,3,EXT-MX001-F3,-0.01,LIB-MX001-F3,LIB0001 (Index A),0.0,,control,A,,#N/A
ID1910,EXT00001,F,4,EXT-MX001-F4,20.26,LIB-MX001-F4,LIB0001 (Index A),5.7,,sample,A,,#N/A
ID1020,EXT00001,F,5,EXT-MX001-F5,8.81,LIB-MX001-F5,LIB0001 (Index A),7.6,,sample,A,,#N/A
ID1258,EXT00001,F,6,EXT-MX001-F6,68.89,LIB-MX001-F6,LIB0001 (Index A),2.8,,sample,A,,#N/A
ID1708,EXT00001,F,7,EXT-MX001-F7,1.49,LIB-MX001-F7,LIB0001 (Index A),4.4,,sample,A,,#N/A
ID1889,EXT00001,F,8,EXT-MX001-F8,66.3,LIB-MX001-F8,LIB0001 (Index A),5.5,,sample,A,,#N/A
ID1941,EXT00001,F,9,EXT-MX001-F9,68.3,LIB-MX001-F9,LIB0001 (Index A),4.3,,sample,A,,#N/A
NA,EXT00001,F,10,EXT-MX001-F10,-0.03,LIB-MX001-F10,LIB0001 (Index A),0.0,,control,A,,#N/A
ID3209,EXT00001,F,11,EXT-MX001-F11,1.32,LIB-MX001-F11,LIB0001 (Index A),1.5,,sample,A,,#N/A
ID1847,EXT00001,G,1,EXT-MX001-G1,12.08,LIB-MX001-G1,LIB0001 (Index A),4.3,,sample,A,,#N/A
ID1802,EXT00001,G,2,EXT-MX001-G2,15.04,LIB-MX001-G2,LIB0001 (Index A),3.7,,sample,A,,#N/A
ID1398,EXT00001,G,3,EXT-MX001-G3,135.1,LIB-MX001-G3,LIB0001 (Index A),5.6,,sample,A,,#N/A
ID1926,EXT00001,G,4,EXT-MX001-G4,2.95,LIB-MX001-G4,LIB0001 (Index A),7.7,,sample,A,,#N/A
ID1761,EXT00001,G,5,EXT-MX001-G5,2.73,LIB-MX001-G5,LIB0001 (Index A),4.5,,sample,A,,#N/A
ID1309,EXT00001,G,6,EXT-MX001-G6,161.53,LIB-MX001-G6,LIB0001 (Index A),2.8,,sample,A,,#N/A
ID3037,EXT00001,G,7,EXT-MX001-G7,75.73,LIB-MX001-G7,LIB0001 (Index A),5.2,,sample,A,,#N/A
ID1531,EXT00001,G,8,EXT-MX001-G8,0.99,LIB-MX001-G8,LIB0001 (Index A),7.2,,sample,A,,#N/A
ID1977,EXT00001,G,9,EXT-MX001-G9,70.15,LIB-MX001-G9,LIB0001 (Index A),4.0,,sample,A,,#N/A
ID1149,EXT00001,G,10,EXT-MX001-G10,53.7,LIB-MX001-G10,LIB0001 (Index A),6.7,,sample,A,,#N/A
ID1128,EXT00001,G,11,EXT-MX001-G11,58.5,LIB-MX001-G11,LIB0001 (Index A),4.9,,sample,A,,#N/A
ID1489,EXT00001,H,1,EXT-MX001-H1,42,LIB-MX001-H1,LIB0001 (Index A),3.0,,sample,A,,#N/A
ID3214,EXT00001,H,2,EXT-MX001-H2,67.2,LIB-MX001-H2,LIB0001 (Index A),3.6,,sample,A,,#N/A
ID1399,EXT00001,H,3,EXT-MX001-H3,26.45,LIB-MX001-H3,LIB0001 (Index A),4.5,,sample,A,,#N/A
ID1619,EXT00001,H,4,EXT-MX001-H4,74.71,LIB-MX001-H4,LIB0001 (Index A),6.0,,sample,A,,#N/A
ID3274,EXT00001,H,5,EXT-MX001-H5,29.16,LIB-MX001-H5,LIB0001 (Index A),4.0,,sample,A,,#N/A
ID3016,EXT00001,H,6,EXT-MX001-H6,513,LIB-MX001-H6,LIB0001 (Index A),2.8,,sample,A,,#N/A
ID1993,EXT00001,H,7,EXT-MX001-H7,70.14,LIB-MX001-H7,LIB0001 (Index A),4.1,,sample,A,,#N/A
ID1699,EXT00001,H,8,EXT-MX001-H8,71.39,LIB-MX001-H8,LIB0001 (Index A),0.0,x,sample,A,lowyield,selected
ID1988,EXT00001,H,9,EXT-MX001-H9,153,LIB-MX001-H9,LIB0001 (Index A),4.0,,sample,A,,#N/A
ID3332,EXT00001,H,10,EXT-MX001-H10,5.16,LIB-MX001-H10,LIB0001 (Index A),4.7,,sample,A,,#N/A
ID1813,EXT00001,H,11,EXT-MX001-H11,174,LIB-MX001-H11,LIB0001 (Index A),4.4,,sample,A,,#N/A
ID1717,EXT00002,A,1,EXT-MX002-A1,0.14,LIB-MX002-A1,LIB0002 (Index B),0.0,,nothing,B,,#N/A
ID3321,EXT00002,A,2,EXT-MX002-A2,0.08,LIB-MX002-A2,LIB0002 (Index B),0.0,,nothing,B,,#N/A
ID1770,EXT00002,A,3,EXT-MX002-A3,0.01,LIB-MX002-A3,LIB0002 (Index B),0.0,,nothing,B,,#N/A
ID1881,EXT00002,A,4,EXT-MX002-A4,0.02,LIB-MX002-A4,LIB0002 (Index B),0.0,,nothing,B,,#N/A
ID1748,EXT00002,A,5,EXT-MX002-A5,0.05,LIB-MX002-A5,LIB0002 (Index B),0.0,,nothing,B,,#N/A
ID1823,EXT00002,A,6,EXT-MX002-A6,0.01,LIB-MX002-A6,LIB0002 (Index B),0.0,,nothing,B,,#N/A
ID1446,EXT00002,A,7,EXT-MX002-A7,0.01,LIB-MX002-A7,LIB0002 (Index B),0.0,,nothing,B,,#N/A
ID1461,EXT00002,A,8,EXT-MX002-A8,0.02,LIB-MX002-A8,LIB0002 (Index B),0.0,,nothing,B,,#N/A
ID1975,EXT00002,A,9,EXT-MX002-A9,0.01,LIB-MX002-A9,LIB0002 (Index B),0.0,,nothing,B,,#N/A
ID1316,EXT00002,A,10,EXT-MX002-A10,0.01,LIB-MX002-A10,LIB0002 (Index B),0.0,,nothing,B,,#N/A
ID1108,EXT00002,A,11,EXT-MX002-A11,0.01,LIB-MX002-A11,LIB0002 (Index B),0.0,,nothing,B,,#N/A
ID1606,EXT00002,A,12,EXT-MX002-A12,0.01,LIB-MX002-A12,LIB0002 (Index B),0.0,,nothing,B,,#N/A
ID3041,EXT00002,B,1,EXT-MX002-B1,18.97,LIB-MX002-B1,LIB0002 (Index B),7.7,,sample,B,,#N/A
ID1874,EXT00002,B,2,EXT-MX002-B2,44.58,LIB-MX002-B2,LIB0002 (Index B),4.6,,sample,B,,#N/A
ID3228,EXT00002,B,3,EXT-MX002-B3,55.89,LIB-MX002-B3,LIB0002 (Index B),6.4,,sample,B,,#N/A
ID1317,EXT00002,B,4,EXT-MX002-B4,51.06,LIB-MX002-B4,LIB0002 (Index B),7.2,,sample,B,,#N/A
ID1524,EXT00002,B,5,EXT-MX002-B5,1.06,LIB-MX002-B5,LIB0002 (Index B),9.0,,sample,B,,#N/A
ID3007,EXT00002,B,6,EXT-MX002-B6,63.91,LIB-MX002-B6,LIB0002 (Index B),8.3,,sample,B,,#N/A
ID1284,EXT00002,B,7,EXT-MX002-B7,44,LIB-MX002-B7,LIB0002 (Index B),5.7,,sample,B,,#N/A
ID1865,EXT00002,B,8,EXT-MX002-B8,70.83,LIB-MX002-B8,LIB0002 (Index B),8.8,,sample,B,,#N/A
ID1526,EXT00002,B,9,EXT-MX002-B9,19.3,LIB-MX002-B9,LIB0002 (Index B),11.2,,sample,B,,#N/A
ID3222,EXT00002,B,10,EXT-MX002-B10,69.66,LIB-MX002-B10,LIB0002 (Index B),0.0,x,sample,B,contamination,selected
ID3244,EXT00002,B,11,EXT-MX002-B11,53.59,LIB-MX002-B11,LIB0002 (Index B),0.0,x,sample,B,contamination,selected
ID3254,EXT00002,B,12,EXT-MX002-B12,56.47,LIB-MX002-B12,LIB0002 (Index B),7.3,,sample,B,,#N/A
ID3085,EXT00002,C,1,EXT-MX002-C1,59.21,LIB-MX002-C1,LIB0002 (Index B),5.7,,sample,B,,#N/A
ID3205,EXT00002,C,2,EXT-MX002-C2,30.99,LIB-MX002-C2,LIB0002 (Index B),8.6,,sample,B,,#N/A
NA,EXT00002,C,3,EXT-MX002-C3,0.01,LIB-MX002-C3,LIB0002 (Index B),0.0,x,control,B,lowyield,#N/A
ID1324,EXT00002,C,4,EXT-MX002-C4,42.47,LIB-MX002-C4,LIB0002 (Index B),8.4,,sample,B,,#N/A
ID1153,EXT00002,C,5,EXT-MX002-C5,57.26,LIB-MX002-C5,LIB0002 (Index B),8.7,,sample,B,,#N/A
ID1856,EXT00002,C,6,EXT-MX002-C6,66.85,LIB-MX002-C6,LIB0002 (Index B),33.0,,sample,B,,#N/A
ID3053,EXT00002,C,7,EXT-MX002-C7,65.42,LIB-MX002-C7,LIB0002 (Index B),5.1,,sample,B,,#N/A
ID3280,EXT00002,C,8,EXT-MX002-C8,37.92,LIB-MX002-C8,LIB0002 (Index B),6.4,,sample,B,,#N/A
ID1325,EXT00002,C,9,EXT-MX002-C9,55.2,LIB-MX002-C9,LIB0002 (Index B),9.6,,sample,B,,#N/A
NA,EXT00002,C,10,EXT-MX002-C10,0.01,LIB-MX002-C10,LIB0002 (Index B),10.2,,control,B,,#N/A
ID1552,EXT00002,C,11,EXT-MX002-C11,54.29,LIB-MX002-C11,LIB0002 (Index B),0.0,x,sample,B,contamination,selected
ID1414,EXT00002,C,12,EXT-MX002-C12,54.89,LIB-MX002-C12,LIB0002 (Index B),3.1,,sample,B,,#N/A
ID1667,EXT00002,D,1,EXT-MX002-D1,17.3,LIB-MX002-D1,LIB0002 (Index B),6.9,,sample,B,,#N/A
ID1693,EXT00002,D,2,EXT-MX002-D2,29.85,LIB-MX002-D2,LIB0002 (Index B),7.3,,sample,B,,#N/A
ID1113,EXT00002,D,3,EXT-MX002-D3,23.01,LIB-MX002-D3,LIB0002 (Index B),7.3,,sample,B,,#N/A
ID3273,EXT00002,D,4,EXT-MX002-D4,54.94,LIB-MX002-D4,LIB0002 (Index B),8.2,,sample,B,,#N/A
ID1510,EXT00002,D,5,EXT-MX002-D5,44.69,LIB-MX002-D5,LIB0002 (Index B),7.3,,sample,B,,#N/A
ID1534,EXT00002,D,6,EXT-MX002-D6,9.13,LIB-MX002-D6,LIB0002 (Index B),0.0,x,sample,B,lowyield,selected
ID3241,EXT00002,D,7,EXT-MX002-D7,66.45,LIB-MX002-D7,LIB0002 (Index B),6.6,,sample,B,,#N/A
ID3029,EXT00002,D,8,EXT-MX002-D8,73.55,LIB-MX002-D8,LIB0002 (Index B),8.7,,sample,B,,#N/A
ID1766,EXT00002,D,9,EXT-MX002-D9,64.01,LIB-MX002-D9,LIB0002 (Index B),8.2,,sample,B,,#N/A
ID1921,EXT00002,D,10,EXT-MX002-D10,62.46,LIB-MX002-D10,LIB0002 (Index B),0.0,x,sample,B,contamination,selected
ID1832,EXT00002,D,11,EXT-MX002-D11,55.32,LIB-MX002-D11,LIB0002 (Index B),0.0,x,sample,B,contamination,selected
NA,EXT00002,D,12,EXT-MX002-D12,14.94,LIB-MX002-D12,LIB0002 (Index B),3.6,,control,B,,#N/A
ID1728,EXT00002,E,1,EXT-MX002-E1,8.39,LIB-MX002-E1,LIB0002 (Index B),6.0,,sample,B,,#N/A
ID3304,EXT00002,E,2,EXT-MX002-E2,69.17,LIB-MX002-E2,LIB0002 (Index B),7.3,,sample,B,,#N/A
ID1976,EXT00002,E,3,EXT-MX002-E3,72.86,LIB-MX002-E3,LIB0002 (Index B),4.4,,sample,B,,#N/A
ID3331,EXT00002,E,4,EXT-MX002-E4,76.79,LIB-MX002-E4,LIB0002 (Index B),7.3,,sample,B,,#N/A
ID3009,EXT00002,E,5,EXT-MX002-E5,56.16,LIB-MX002-E5,LIB0002 (Index B),9.2,,sample,B,,#N/A
ID3393,EXT00002,E,6,EXT-MX002-E6,67.45,LIB-MX002-E6,LIB0002 (Index B),10.2,,sample,B,,#N/A
ID1439,EXT00002,E,7,EXT-MX002-E7,1890.44,LIB-MX002-E7,LIB0002 (Index B),0.0,x,sample,B,lowyield,selected
ID1204,EXT00002,E,8,EXT-MX002-E8,67.68,LIB-MX002-E8,LIB0002 (Index B),7.3,,sample,B,,#N/A
ID1250,EXT00002,E,9,EXT-MX002-E9,72.97,LIB-MX002-E9,LIB0002 (Index B),7.1,,sample,B,,#N/A
ID3309,EXT00002,E,10,EXT-MX002-E10,62.84,LIB-MX002-E10,LIB0002 (Index B),11.6,x,sample,B,contamination,selected
ID1203,EXT00002,E,11,EXT-MX002-E11,67.35,LIB-MX002-E11,LIB0002 (Index B),0.0,x,sample,B,contamination,selected
ID3319,EXT00002,F,1,EXT-MX002-F1,66.98,LIB-MX002-F1,LIB0002 (Index B),6.2,,sample,B,,#N/A
ID1606_15-09,EXT00002,F,2,EXT-MX002-F2,69.14,LIB-MX002-F2,LIB0002 (Index B),7.2,,sample,B,,#N/A
NA,EXT00002,F,3,EXT-MX002-F3,0.01,LIB-MX002-F3,LIB0002 (Index B),0.0,,control,B,,#N/A
ID3279,EXT00002,F,4,EXT-MX002-F4,19.31,LIB-MX002-F4,LIB0002 (Index B),7.7,,sample,B,,#N/A
ID3397,EXT00002,F,5,EXT-MX002-F5,74.95,LIB-MX002-F5,LIB0002 (Index B),7.5,,sample,B,,#N/A
ID1818,EXT00002,F,6,EXT-MX002-F6,68.46,LIB-MX002-F6,LIB0002 (Index B),6.8,,sample,B,,#N/A
ID3232,EXT00002,F,7,EXT-MX002-F7,72.02,LIB-MX002-F7,LIB0002 (Index B),6.5,,sample,B,,#N/A
ID1519,EXT00002,F,8,EXT-MX002-F8,52.96,LIB-MX002-F8,LIB0002 (Index B),8.4,,sample,B,,#N/A
ID1799,EXT00002,F,9,EXT-MX002-F9,37.38,LIB-MX002-F9,LIB0002 (Index B),3.0,,sample,B,,#N/A
NA,EXT00002,F,10,EXT-MX002-F10,0.77,LIB-MX002-F10,LIB0002 (Index B),3.8,,control,B,,#N/A
ID1529,EXT00002,F,11,EXT-MX002-F11,59.98,LIB-MX002-F11,LIB0002 (Index B),0.0,x,sample,B,contamination,selected
ID1733,EXT00002,G,1,EXT-MX002-G1,37.18,LIB-MX002-G1,LIB0002 (Index B),6.4,,sample,B,,#N/A
ID3078,EXT00002,G,2,EXT-MX002-G2,66.32,LIB-MX002-G2,LIB0002 (Index B),8.2,,sample,B,,#N/A
ID1973,EXT00002,G,3,EXT-MX002-G3,39.46,LIB-MX002-G3,LIB0002 (Index B),7.3,,sample,B,,#N/A
ID3243,EXT00002,G,4,EXT-MX002-G4,41.2,LIB-MX002-G4,LIB0002 (Index B),0.0,x,sample,B,lowyield,selected
ID1749,EXT00002,G,5,EXT-MX002-G5,39.64,LIB-MX002-G5,LIB0002 (Index B),10.1,,sample,B,,#N/A
ID1436,EXT00002,G,6,EXT-MX002-G6,37.72,LIB-MX002-G6,LIB0002 (Index B),6.5,,sample,B,,#N/A
ID3160,EXT00002,G,7,EXT-MX002-G7,66.78,LIB-MX002-G7,LIB0002 (Index B),7.7,,sample,B,,#N/A
ID1310,EXT00002,G,8,EXT-MX002-G8,69.72,LIB-MX002-G8,LIB0002 (Index B),7.6,,sample,B,,#N/A
ID1709,EXT00002,G,9,EXT-MX002-G9,71.58,LIB-MX002-G9,LIB0002 (Index B),6.0,,sample,B,,#N/A
ID1403,EXT00002,G,10,EXT-MX002-G10,61.23,LIB-MX002-G10,LIB0002 (Index B),7.5,x,sample,B,contamination,selected
ID1318,EXT00002,G,11,EXT-MX002-G11,20.4,LIB-MX002-G11,LIB0002 (Index B),0.0,x,sample,B,contamination,selected
ID1956,EXT00002,H,1,EXT-MX002-H1,0.02,LIB-MX002-H1,LIB0002 (Index B),0.0,,nothing,B,,#N/A
ID1732,EXT00002,H,2,EXT-MX002-H2,0.01,LIB-MX002-H2,LIB0002 (Index B),0.0,,nothing,B,,#N/A
ID1696,EXT00002,H,3,EXT-MX002-H3,0.01,LIB-MX002-H3,LIB0002 (Index B),0.0,,nothing,B,,#N/A
ID3230,EXT00002,H,4,EXT-MX002-H4,0.01,LIB-MX002-H4,LIB0002 (Index B),0.0,,nothing,B,,#N/A
ID1666,EXT00002,H,5,EXT-MX002-H5,0.01,LIB-MX002-H5,LIB0002 (Index B),0.0,,nothing,B,,#N/A
ID1731,EXT00002,H,6,EXT-MX002-H6,0.01,LIB-MX002-H6,LIB0002 (Index B),0.0,,nothing,B,,#N/A
ID1561,EXT00002,H,7,EXT-MX002-H7,0.01,LIB-MX002-H7,LIB0002 (Index B),0.0,,nothing,B,,selected
ID1059,EXT00002,H,8,EXT-MX002-H8,0.08,LIB-MX002-H8,LIB0002 (Index B),0.0,,nothing,B,,#N/A
ID3231,EXT00002,H,9,EXT-MX002-H9,0.01,LIB-MX002-H9,LIB0002 (Index B),0.0,,nothing,B,,selected
ID1697,EXT00002,H,10,EXT-MX002-H10,0.01,LIB-MX002-H10,LIB0002 (Index B),0.0,,nothing,B,,#N/A
ID1270,EXT00002,H,11,EXT-MX002-H11,0.12,LIB-MX002-H11,LIB0002 (Index B),0.0,,nothing,B,,#N/A
ID1530,EXT00003,A,1,EXT-MX003-A1,101.18,LIB-MX003-A1,LIB0003 (Index C) run2,6.2,,sample,C,,#N/A
ID3042,EXT00003,A,2,EXT-MX003-A2,514,LIB-MX003-A2,LIB0003 (Index C) run2,4.7,,sample,C,,#N/A
ID3357,EXT00003,A,3,EXT-MX003-A3,40.69,LIB-MX003-A3,LIB0003 (Index C) run2,4.5,,sample,C,,#N/A
ID3035,EXT00003,A,4,EXT-MX003-A4,134.87,LIB-MX003-A4,LIB0003 (Index C) run2,7.6,,sample,C,,#N/A
ID1125,EXT00003,A,5,EXT-MX003-A5,72.48,LIB-MX003-A5,LIB0003 (Index C) run2,3.6,,sample,C,,#N/A
ID1181,EXT00003,A,6,EXT-MX003-A6,50.93,LIB-MX003-A6,LIB0003 (Index C) run2,5.2,,sample,C,,#N/A
ID1945,EXT00003,A,7,EXT-MX003-A7,65.92,LIB-MX003-A7,LIB0003 (Index C) run2,4.6,,sample,C,,#N/A
ID1554,EXT00003,A,8,EXT-MX003-A8,61.23,LIB-MX003-A8,LIB0003 (Index C) run2,4.3,,sample,C,,#N/A
ID1134,EXT00003,A,9,EXT-MX003-A9,71.23,LIB-MX003-A9,LIB0003 (Index C) run2,3.9,,sample,C,,#N/A
ID3142,EXT00003,A,10,EXT-MX003-A10,26.73,LIB-MX003-A10,LIB0003 (Index C) run2,10.8,,sample,C,,#N/A
ID1621,EXT00003,A,11,EXT-MX003-A11,68.73,LIB-MX003-A11,LIB0003 (Index C) run2,3.5,,sample,C,,#N/A
ID3282,EXT00003,A,12,EXT-MX003-A12,43.69,LIB-MX003-A12,LIB0003 (Index C) run2,4.9,,sample,C,,#N/A
ID1702,EXT00003,B,1,EXT-MX003-B1,69.01,LIB-MX003-B1,LIB0003 (Index C) run2,5.1,,sample,C,,#N/A
ID1186,EXT00003,B,2,EXT-MX003-B2,31.33,LIB-MX003-B2,LIB0003 (Index C) run2,5.4,,sample,C,,#N/A
ID1924,EXT00003,B,3,EXT-MX003-B3,502,LIB-MX003-B3,LIB0003 (Index C) run2,0.6,x,sample,C,lowyield,#N/A
ID3359,EXT00003,B,4,EXT-MX003-B4,61.37,LIB-MX003-B4,LIB0003 (Index C) run2,1.5,,sample,C,,#N/A
ID1332,EXT00003,B,5,EXT-MX003-B5,76.27,LIB-MX003-B5,LIB0003 (Index C) run2,0.3,x,sample,C,lowyield,selected
ID1665,EXT00003,B,6,EXT-MX003-B6,78.97,LIB-MX003-B6,LIB0003 (Index C) run2,0.8,x,sample,C,lowyield,#N/A
ID3247,EXT00003,B,7,EXT-MX003-B7,74.48,LIB-MX003-B7,LIB0003 (Index C) run2,1.5,,sample,C,,#N/A
ID1624,EXT00003,B,8,EXT-MX003-B8,70.82,LIB-MX003-B8,LIB0003 (Index C) run2,1.0,,sample,C,,#N/A
ID1644,EXT00003,B,9,EXT-MX003-B9,52.44,LIB-MX003-B9,LIB0003 (Index C) run2,0.6,x,sample,C,lowyield,selected
ID1502,EXT00003,B,10,EXT-MX003-B10,73.68,LIB-MX003-B10,LIB0003 (Index C) run2,5.7,,sample,C,,#N/A
ID1508,EXT00003,B,11,EXT-MX003-B11,76.11,LIB-MX003-B11,LIB0003 (Index C) run2,1.2,,sample,C,,#N/A
ID1223,EXT00003,B,12,EXT-MX003-B12,27.15,LIB-MX003-B12,LIB0003 (Index C) run2,0.4,x,sample,C,lowyield,selected
ID1450,EXT00003,C,1,EXT-MX003-C1,26.46,LIB-MX003-C1,LIB0003 (Index C) run2,3.3,,sample,C,,#N/A
ID1443,EXT00003,C,2,EXT-MX003-C2,66.9,LIB-MX003-C2,LIB0003 (Index C) run2,6.3,,sample,C,,#N/A
NA,EXT00003,C,3,EXT-MX003-C3,-0.06,LIB-MX003-C3,LIB0003 (Index C) run2,0.0,,control,C,,#N/A
ID3327,EXT00003,C,4,EXT-MX003-C4,69.38,LIB-MX003-C4,LIB0003 (Index C) run2,3.8,,sample,C,,#N/A
ID1177,EXT00003,C,5,EXT-MX003-C5,57.16,LIB-MX003-C5,LIB0003 (Index C) run2,5.6,,sample,C,,#N/A
ID3310,EXT00003,C,6,EXT-MX003-C6,3.94,LIB-MX003-C6,LIB0003 (Index C) run2,6.7,,sample,C,,#N/A
ID1547,EXT00003,C,7,EXT-MX003-C7,75.83,LIB-MX003-C7,LIB0003 (Index C) run2,6.5,,sample,C,,#N/A
ID3355,EXT00003,C,8,EXT-MX003-C8,68.17,LIB-MX003-C8,LIB0003 (Index C) run2,4.4,,sample,C,,#N/A
ID3364,EXT00003,C,9,EXT-MX003-C9,58.39,LIB-MX003-C9,LIB0003 (Index C) run2,4.7,,sample,C,,#N/A
NA,EXT00003,C,10,EXT-MX003-C10,-0.05,LIB-MX003-C10,LIB0003 (Index C) run2,0.0,,control,C,,#N/A
ID1842,EXT00003,C,11,EXT-MX003-C11,71.24,LIB-MX003-C11,LIB0003 (Index C) run2,4.3,,sample,C,,#N/A
ID3000,EXT00003,C,12,EXT-MX003-C12,27.53,LIB-MX003-C12,LIB0003 (Index C) run2,5.3,,sample,C,,#N/A
ID1319,EXT00003,D,1,EXT-MX003-D1,42.48,LIB-MX003-D1,LIB0003 (Index C) run2,4.6,,sample,C,,#N/A
ID3296,EXT00003,D,2,EXT-MX003-D2,71.27,LIB-MX003-D2,LIB0003 (Index C) run2,6.5,,sample,C,,#N/A
ID3045,EXT00003,D,3,EXT-MX003-D3,57.44,LIB-MX003-D3,LIB0003 (Index C) run2,6.2,,sample,C,,#N/A
ID3210,EXT00003,D,4,EXT-MX003-D4,70.31,LIB-MX003-D4,LIB0003 (Index C) run2,4.4,,sample,C,,#N/A
ID1996,EXT00003,D,5,EXT-MX003-D5,57.07,LIB-MX003-D5,LIB0003 (Index C) run2,4.2,,sample,C,,#N/A
ID1978,EXT00003,D,6,EXT-MX003-D6,71.16,LIB-MX003-D6,LIB0003 (Index C) run2,4.8,,sample,C,,#N/A
ID1550,EXT00003,D,7,EXT-MX003-D7,62.87,LIB-MX003-D7,LIB0003 (Index C) run2,7.1,,sample,C,,#N/A
ID1980,EXT00003,D,8,EXT-MX003-D8,72.9,LIB-MX003-D8,LIB0003 (Index C) run2,4.9,,sample,C,,#N/A
ID3091,EXT00003,D,9,EXT-MX003-D9,58.35,LIB-MX003-D9,LIB0003 (Index C) run2,3.7,,sample,C,,#N/A
ID3289,EXT00003,D,10,EXT-MX003-D10,75.75,LIB-MX003-D10,LIB0003 (Index C) run2,0.0,x,sample,C,lowyield,selected
ID1509,EXT00003,D,11,EXT-MX003-D11,57.37,LIB-MX003-D11,LIB0003 (Index C) run2,5.6,,sample,C,,#N/A
NA,EXT00003,D,12,EXT-MX003-D12,11.94,LIB-MX003-D12,LIB0003 (Index C) run2,4.9,,control,C,,#N/A
ID3284,EXT00003,E,1,EXT-MX003-E1,55.37,LIB-MX003-E1,LIB0003 (Index C) run2,5.7,,sample,C,,#N/A
ID1114,EXT00003,E,2,EXT-MX003-E2,67.4,LIB-MX003-E2,LIB0003 (Index C) run2,8.1,,sample,C,,#N/A
ID1588,EXT00003,E,3,EXT-MX003-E3,69.53,LIB-MX003-E3,LIB0003 (Index C) run2,7.9,,sample,C,,#N/A
ID1185,EXT00003,E,4,EXT-MX003-E4,28.97,LIB-MX003-E4,LIB0003 (Index C) run2,7.9,,sample,C,,#N/A
ID1548,EXT00003,E,5,EXT-MX003-E5,74.99,LIB-MX003-E5,LIB0003 (Index C) run2,5.9,,sample,C,,#N/A
ID1117,EXT00003,E,6,EXT-MX003-E6,72.62,LIB-MX003-E6,LIB0003 (Index C) run2,6.4,,sample,C,,#N/A
ID3308,EXT00003,E,7,EXT-MX003-E7,65.14,LIB-MX003-E7,LIB0003 (Index C) run2,6.4,,sample,C,,#N/A
ID3253,EXT00003,E,8,EXT-MX003-E8,25.77,LIB-MX003-E8,LIB0003 (Index C) run2,0.0,x,sample,C,lowyield,selected
ID1314,EXT00003,E,9,EXT-MX003-E9,68.44,LIB-MX003-E9,LIB0003 (Index C) run2,3.5,,sample,C,,#N/A
ID1686,EXT00003,E,10,EXT-MX003-E10,68.72,LIB-MX003-E10,LIB0003 (Index C) run2,15.7,,sample,C,,#N/A
ID1253,EXT00003,E,11,EXT-MX003-E11,69.73,LIB-MX003-E11,LIB0003 (Index C) run2,6.5,,sample,C,,#N/A
ID1948,EXT00003,F,1,EXT-MX003-F1,31.74,LIB-MX003-F1,LIB0003 (Index C) run2,4.3,,sample,C,,#N/A
ID1995,EXT00003,F,2,EXT-MX003-F2,47.38,LIB-MX003-F2,LIB0003 (Index C) run2,9.4,,sample,C,,#N/A
NA,EXT00003,F,3,EXT-MX003-F3,-0.06,LIB-MX003-F3,LIB0003 (Index C) run2,0.0,x,control,C,lowyield,#N/A
ID1595,EXT00003,F,4,EXT-MX003-F4,51.24,LIB-MX003-F4,LIB0003 (Index C) run2,0.5,x,sample,C,lowyield,selected
ID1394,EXT00003,F,5,EXT-MX003-F5,44.2,LIB-MX003-F5,LIB0003 (Index C) run2,0.8,x,sample,C,lowyield,#N/A
ID1715,EXT00003,F,6,EXT-MX003-F6,56.8,LIB-MX003-F6,LIB0003 (Index C) run2,0.3,x,sample,C,lowyield,selected
ID1808,EXT00003,F,7,EXT-MX003-F7,61.85,LIB-MX003-F7,LIB0003 (Index C) run2,1.2,,sample,C,,#N/A
ID1313,EXT00003,F,8,EXT-MX003-F8,78.62,LIB-MX003-F8,LIB0003 (Index C) run2,0.1,x,sample,C,lowyield,selected
ID1898,EXT00003,F,9,EXT-MX003-F9,69.07,LIB-MX003-F9,LIB0003 (Index C) run2,1.1,,sample,C,,#N/A
NA,EXT00003,F,10,EXT-MX003-F10,-0.05,LIB-MX003-F10,LIB0003 (Index C) run2,0.0,x,control,C,lowyield,#N/A
ID3149,EXT00003,F,11,EXT-MX003-F11,55.22,LIB-MX003-F11,LIB0003 (Index C) run2,0.6,x,sample,C,lowyield,#N/A
ID3044,EXT00003,G,1,EXT-MX003-G1,17.53,LIB-MX003-G1,LIB0003 (Index C) run2,4.3,,sample,C,,#N/A
ID1549,EXT00003,G,2,EXT-MX003-G2,70.56,LIB-MX003-G2,LIB0003 (Index C) run2,5.6,,sample,C,,#N/A
ID1157,EXT00003,G,3,EXT-MX003-G3,66.44,LIB-MX003-G3,LIB0003 (Index C) run2,7.1,,sample,C,,#N/A
ID1475,EXT00003,G,4,EXT-MX003-G4,69.23,LIB-MX003-G4,LIB0003 (Index C) run2,14.3,,sample,C,,#N/A
ID1167,EXT00003,G,5,EXT-MX003-G5,33.51,LIB-MX003-G5,LIB0003 (Index C) run2,6.3,,sample,C,,#N/A
ID3086,EXT00003,G,6,EXT-MX003-G6,60.8,LIB-MX003-G6,LIB0003 (Index C) run2,7.7,,sample,C,,#N/A
ID1767,EXT00003,G,7,EXT-MX003-G7,76.33,LIB-MX003-G7,LIB0003 (Index C) run2,5.4,,sample,C,,#N/A
ID1828,EXT00003,G,8,EXT-MX003-G8,43.68,LIB-MX003-G8,LIB0003 (Index C) run2,13.1,,sample,C,,#N/A
ID3073,EXT00003,G,9,EXT-MX003-G9,62.87,LIB-MX003-G9,LIB0003 (Index C) run2,5.4,,sample,C,,#N/A
ID1214,EXT00003,G,10,EXT-MX003-G10,4.95,LIB-MX003-G10,LIB0003 (Index C) run2,6.2,,sample,C,,#N/A
ID1391,EXT00003,G,11,EXT-MX003-G11,65.19,LIB-MX003-G11,LIB0003 (Index C) run2,1.3,,sample,C,,#N/A
ID3036,EXT00003,H,1,EXT-MX003-H1,47.95,LIB-MX003-H1,LIB0003 (Index C) run2,5.4,,sample,C,,#N/A
ID1452,EXT00003,H,2,EXT-MX003-H2,45.94,LIB-MX003-H2,LIB0003 (Index C) run2,6.5,,sample,C,,#N/A
ID3328,EXT00003,H,3,EXT-MX003-H3,38.98,LIB-MX003-H3,LIB0003 (Index C) run2,10.1,,sample,C,,#N/A
ID1902,EXT00003,H,4,EXT-MX003-H4,55.84,LIB-MX003-H4,LIB0003 (Index C) run2,5.4,,sample,C,,#N/A
ID1603,EXT00003,H,5,EXT-MX003-H5,70.46,LIB-MX003-H5,LIB0003 (Index C) run2,6.2,,sample,C,,#N/A
ID1934,EXT00003,H,6,EXT-MX003-H6,61.08,LIB-MX003-H6,LIB0003 (Index C) run2,7.8,,sample,C,,#N/A
ID1601,EXT00003,H,7,EXT-MX003-H7,27.69,LIB-MX003-H7,LIB0003 (Index C) run2,6.7,,sample,C,,#N/A
ID1540,EXT00003,H,8,EXT-MX003-H8,0.43,LIB-MX003-H8,LIB0003 (Index C) run2,3.9,,sample,C,,#N/A
ID3092,EXT00003,H,9,EXT-MX003-H9,61.51,LIB-MX003-H9,LIB0003 (Index C) run2,4.7,,sample,C,,#N/A
ID3074,EXT00003,H,10,EXT-MX003-H10,66.86,LIB-MX003-H10,LIB0003 (Index C) run2,8.5,,sample,C,,#N/A
ID3018,EXT00003,H,11,EXT-MX003-H11,69.72,LIB-MX003-H11,LIB0003 (Index C) run2,0.1,x,sample,C,lowyield,selected
ID1227,EXT00004,A,1,EXT-MX004-A1,62.1,LIB-MX004-A1,LIB0004 (Index D),4.7,,sample,D,,#N/A
ID1560,EXT00004,A,2,EXT-MX004-A2,65.07,LIB-MX004-A2,LIB0004 (Index D),4.3,,sample,D,,#N/A
ID1776,EXT00004,A,3,EXT-MX004-A3,52.19,LIB-MX004-A3,LIB0004 (Index D),4.3,,sample,D,,#N/A
ID1643,EXT00004,A,4,EXT-MX004-A4,41.3,LIB-MX004-A4,LIB0004 (Index D),3.9,,sample,D,,#N/A
ID3325,EXT00004,A,5,EXT-MX004-A5,72.1,LIB-MX004-A5,LIB0004 (Index D),3.3,,sample,D,,#N/A
ID1858,EXT00004,A,6,EXT-MX004-A6,52.63,LIB-MX004-A6,LIB0004 (Index D),4.3,,sample,D,,#N/A
ID1931,EXT00004,A,7,EXT-MX004-A7,15.28,LIB-MX004-A7,LIB0004 (Index D),2.6,,sample,D,,#N/A
ID1591,EXT00004,A,8,EXT-MX004-A8,62.43,LIB-MX004-A8,LIB0004 (Index D),4.3,,sample,D,,#N/A
ID3090,EXT00004,A,9,EXT-MX004-A9,63.33,LIB-MX004-A9,LIB0004 (Index D),3.2,,sample,D,,#N/A
ID3072,EXT00004,A,10,EXT-MX004-A10,36.8,LIB-MX004-A10,LIB0004 (Index D),2.6,,sample,D,,#N/A
ID1389,EXT00004,A,11,EXT-MX004-A11,211.8,LIB-MX004-A11,LIB0004 (Index D),3.8,,sample,D,,#N/A
ID1010,EXT00004,A,12,EXT-MX004-A12,83.78,LIB-MX004-A12,LIB0004 (Index D),4.0,,sample,D,,#N/A
ID1388,EXT00004,B,1,EXT-MX004-B1,59.76,LIB-MX004-B1,LIB0004 (Index D),6.7,,sample,D,,#N/A
ID1493,EXT00004,B,2,EXT-MX004-B2,72.29,LIB-MX004-B2,LIB0004 (Index D),5.9,,sample,D,,#N/A
ID1525,EXT00004,B,3,EXT-MX004-B3,14.7,LIB-MX004-B3,LIB0004 (Index D),6.6,,sample,D,,#N/A
ID3015,EXT00004,B,4,EXT-MX004-B4,67.29,LIB-MX004-B4,LIB0004 (Index D),3.9,,sample,D,,#N/A
ID3249,EXT00004,B,5,EXT-MX004-B5,41.6,LIB-MX004-B5,LIB0004 (Index D),2.9,,sample,D,,#N/A
ID1577,EXT00004,B,6,EXT-MX004-B6,71.08,LIB-MX004-B6,LIB0004 (Index D),3.1,,sample,D,,#N/A
ID1537,EXT00004,B,7,EXT-MX004-B7,17.17,LIB-MX004-B7,LIB0004 (Index D),3.8,,sample,D,,#N/A
ID1092,EXT00004,B,8,EXT-MX004-B8,24.34,LIB-MX004-B8,LIB0004 (Index D),2.9,,sample,D,,#N/A
ID1022,EXT00004,B,9,EXT-MX004-B9,50.93,LIB-MX004-B9,LIB0004 (Index D),3.2,,sample,D,,#N/A
ID1087,EXT00004,B,10,EXT-MX004-B10,15.91,LIB-MX004-B10,LIB0004 (Index D),2.0,,sample,D,,#N/A
ID1935,EXT00004,B,11,EXT-MX004-B11,76.56,LIB-MX004-B11,LIB0004 (Index D),3.1,,sample,D,,#N/A
ID1855,EXT00004,B,12,EXT-MX004-B12,44.81,LIB-MX004-B12,LIB0004 (Index D),0.6,x,sample,D,lowyield,#N/A
ID1726,EXT00004,C,1,EXT-MX004-C1,27.67,LIB-MX004-C1,LIB0004 (Index D),8.5,,sample,D,,#N/A
ID1076,EXT00004,C,2,EXT-MX004-C2,33.62,LIB-MX004-C2,LIB0004 (Index D),6.1,,sample,D,,#N/A
NA,EXT00004,C,3,EXT-MX004-C3,0.04,LIB-MX004-C3,LIB0004 (Index D),0.0,,control,D,,#N/A
ID3024,EXT00004,C,4,EXT-MX004-C4,44.29,LIB-MX004-C4,LIB0004 (Index D),4.0,,sample,D,,#N/A
ID3305,EXT00004,C,5,EXT-MX004-C5,22.47,LIB-MX004-C5,LIB0004 (Index D),5.9,,sample,D,,#N/A
ID1871,EXT00004,C,6,EXT-MX004-C6,73.47,LIB-MX004-C6,LIB0004 (Index D),2.8,,sample,D,,#N/A
ID3286,EXT00004,C,7,EXT-MX004-C7,16.41,LIB-MX004-C7,LIB0004 (Index D),3.9,,sample,D,,#N/A
ID1866,EXT00004,C,8,EXT-MX004-C8,52.67,LIB-MX004-C8,LIB0004 (Index D),3.4,,sample,D,,#N/A
ID3069,EXT00004,C,9,EXT-MX004-C9,39.12,LIB-MX004-C9,LIB0004 (Index D),5.0,,sample,D,,#N/A
NA,EXT00004,C,10,EXT-MX004-C10,0.02,LIB-MX004-C10,LIB0004 (Index D),0.0,,control,D,,#N/A
ID3183,EXT00004,C,11,EXT-MX004-C11,121.96,LIB-MX004-C11,LIB0004 (Index D),3.4,,sample,D,,#N/A
ID1514,EXT00004,C,12,EXT-MX004-C12,67.69,LIB-MX004-C12,LIB0004 (Index D),2.8,,sample,D,,#N/A
ID1338,EXT00004,D,1,EXT-MX004-D1,64.15,LIB-MX004-D1,LIB0004 (Index D),9.4,,sample,D,,#N/A
ID3008,EXT00004,D,2,EXT-MX004-D2,70.92,LIB-MX004-D2,LIB0004 (Index D),6.4,,sample,D,,#N/A
ID3235,EXT00004,D,3,EXT-MX004-D3,53.34,LIB-MX004-D3,LIB0004 (Index D),5.9,,sample,D,,#N/A
ID3339,EXT00004,D,4,EXT-MX004-D4,71.99,LIB-MX004-D4,LIB0004 (Index D),5.0,,sample,D,,#N/A
ID3065,EXT00004,D,5,EXT-MX004-D5,50.72,LIB-MX004-D5,LIB0004 (Index D),4.6,,sample,D,,#N/A
ID1124,EXT00004,D,6,EXT-MX004-D6,78.55,LIB-MX004-D6,LIB0004 (Index D),3.3,,sample,D,,#N/A
ID3038,EXT00004,D,7,EXT-MX004-D7,7.9,LIB-MX004-D7,LIB0004 (Index D),5.4,,sample,D,,#N/A
ID3320,EXT00004,D,8,EXT-MX004-D8,61.12,LIB-MX004-D8,LIB0004 (Index D),3.6,,sample,D,,#N/A
ID3163,EXT00004,D,9,EXT-MX004-D9,62.37,LIB-MX004-D9,LIB0004 (Index D),3.1,,sample,D,,#N/A
ID3239,EXT00004,D,10,EXT-MX004-D10,59.02,LIB-MX004-D10,LIB0004 (Index D),2.9,,sample,D,,#N/A
ID1584,EXT00004,D,11,EXT-MX004-D11,50.56,LIB-MX004-D11,LIB0004 (Index D),4.1,,sample,D,,#N/A
NA,EXT00004,D,12,EXT-MX004-D12,51.01,LIB-MX004-D12,LIB0004 (Index D),4.3,,control,D,,#N/A
ID1074,EXT00004,E,1,EXT-MX004-E1,14.26,LIB-MX004-E1,LIB0004 (Index D),8.2,,sample,D,,#N/A
ID1631,EXT00004,E,2,EXT-MX004-E2,23.32,LIB-MX004-E2,LIB0004 (Index D),7.6,,sample,D,,#N/A
ID1888,EXT00004,E,3,EXT-MX004-E3,58.32,LIB-MX004-E3,LIB0004 (Index D),5.9,,sample,D,,#N/A
ID1646,EXT00004,E,4,EXT-MX004-E4,36.42,LIB-MX004-E4,LIB0004 (Index D),5.6,,sample,D,,#N/A
ID1123,EXT00004,E,5,EXT-MX004-E5,44.47,LIB-MX004-E5,LIB0004 (Index D),5.5,,sample,D,,#N/A
ID1675,EXT00004,E,6,EXT-MX004-E6,63.8,LIB-MX004-E6,LIB0004 (Index D),5.8,,sample,D,,#N/A
ID1456,EXT00004,E,7,EXT-MX004-E7,66.18,LIB-MX004-E7,LIB0004 (Index D),4.3,,sample,D,,#N/A
ID1819,EXT00004,E,8,EXT-MX004-E8,70.97,LIB-MX004-E8,LIB0004 (Index D),3.8,,sample,D,,#N/A
ID3270,EXT00004,E,9,EXT-MX004-E9,51.29,LIB-MX004-E9,LIB0004 (Index D),3.9,,sample,D,,#N/A
ID1785,EXT00004,E,10,EXT-MX004-E10,16.41,LIB-MX004-E10,LIB0004 (Index D),4.5,,sample,D,,#N/A
ID1716,EXT00004,E,11,EXT-MX004-E11,165.53,LIB-MX004-E11,LIB0004 (Index D),4.5,,sample,D,,#N/A
ID1331,EXT00004,F,1,EXT-MX004-F1,61.78,LIB-MX004-F1,LIB0004 (Index D),5.9,,sample,D,,#N/A
ID1648,EXT00004,F,2,EXT-MX004-F2,34.46,LIB-MX004-F2,LIB0004 (Index D),5.8,,sample,D,,#N/A
NA,EXT00004,F,3,EXT-MX004-F3,0.01,LIB-MX004-F3,LIB0004 (Index D),0.0,,control,D,,#N/A
ID1396,EXT00004,F,4,EXT-MX004-F4,29.14,LIB-MX004-F4,LIB0004 (Index D),5.5,,sample,D,,#N/A
ID1679,EXT00004,F,5,EXT-MX004-F5,21.68,LIB-MX004-F5,LIB0004 (Index D),4.4,,sample,D,,#N/A
ID1820,EXT00004,F,6,EXT-MX004-F6,271.54,LIB-MX004-F6,LIB0004 (Index D),4.7,,sample,D,,#N/A
ID3020,EXT00004,F,7,EXT-MX004-F7,54.85,LIB-MX004-F7,LIB0004 (Index D),4.3,,sample,D,,#N/A
ID3347,EXT00004,F,8,EXT-MX004-F8,33.69,LIB-MX004-F8,LIB0004 (Index D),4.1,,sample,D,,#N/A
ID1207,EXT00004,F,9,EXT-MX004-F9,63.43,LIB-MX004-F9,LIB0004 (Index D),4.3,,sample,D,,#N/A
NA,EXT00004,F,10,EXT-MX004-F10,0.02,LIB-MX004-F10,LIB0004 (Index D),0.0,,control,D,,#N/A
ID3378,EXT00004,F,11,EXT-MX004-F11,408.43,LIB-MX004-F11,LIB0004 (Index D),4.8,,sample,D,,#N/A
ID1067,EXT00004,G,1,EXT-MX004-G1,3.69,LIB-MX004-G1,LIB0004 (Index D),6.3,,sample,D,,#N/A
ID1740,EXT00004,G,2,EXT-MX004-G2,8.12,LIB-MX004-G2,LIB0004 (Index D),4.8,,sample,D,,#N/A
ID1604,EXT00004,G,3,EXT-MX004-G3,64.39,LIB-MX004-G3,LIB0004 (Index D),3.9,,sample,D,,#N/A
ID3025,EXT00004,G,4,EXT-MX004-G4,11.59,LIB-MX004-G4,LIB0004 (Index D),0.0,x,sample,D,lowyield,selected
ID1514,EXT00004,G,5,EXT-MX004-G5,32.53,LIB-MX004-G5,LIB0004 (Index D),3.8,,sample,D,,#N/A
ID1811,EXT00004,G,6,EXT-MX004-G6,439.65,LIB-MX004-G6,LIB0004 (Index D),4.1,,sample,D,,#N/A
ID1386,EXT00004,G,7,EXT-MX004-G7,144,LIB-MX004-G7,LIB0004 (Index D),4.3,,sample,D,,#N/A
ID1121,EXT00004,G,8,EXT-MX004-G8,44.88,LIB-MX004-G8,LIB0004 (Index D),4.3,,sample,D,,#N/A
ID1504,EXT00004,G,9,EXT-MX004-G9,63.1,LIB-MX004-G9,LIB0004 (Index D),3.4,,sample,D,,#N/A
ID1760,EXT00004,G,10,EXT-MX004-G10,27.34,LIB-MX004-G10,LIB0004 (Index D),4.7,,sample,D,,#N/A
ID1078,EXT00004,G,11,EXT-MX004-G11,22.41,LIB-MX004-G11,LIB0004 (Index D),5.2,,sample,D,,#N/A
ID3084,EXT00004,H,1,EXT-MX004-H1,6.2,LIB-MX004-H1,LIB0004 (Index D),4.3,,sample,D,,#N/A
ID1563,EXT00004,H,2,EXT-MX004-H2,50.83,LIB-MX004-H2,LIB0004 (Index D),5.0,,sample,D,,#N/A
ID1563,EXT00004,H,2,EXT-MX004-H2,50.83,LIB-MX004-H2,LIB0004 (Index D),5.0,,sample,D,,#N/A
ID1824,EXT00004,H,3,EXT-MX004-H3,67.14,LIB-MX004-H3,LIB0004 (Index D),4.5,,sample,D,,#N/A
ID1087,EXT00004,H,4,EXT-MX004-H4,16.49,LIB-MX004-H4,LIB0004 (Index D),4.7,,sample,D,,#N/A
ID1098,EXT00004,H,5,EXT-MX004-H5,4.57,LIB-MX004-H5,LIB0004 (Index D),5.2,,sample,D,,#N/A
ID1036,EXT00004,H,6,EXT-MX004-H6,54.45,LIB-MX004-H6,LIB0004 (Index D),3.3,,sample,D,,#N/A
ID3329,EXT00004,H,7,EXT-MX004-H7,247,LIB-MX004-H7,LIB0004 (Index D),5.3,,sample,D,,#N/A
ID3026,EXT00004,H,8,EXT-MX004-H8,66.36,LIB-MX004-H8,LIB0004 (Index D),3.0,,sample,D,,#N/A
ID1883,EXT00004,H,9,EXT-MX004-H9,35,LIB-MX004-H9,LIB0004 (Index D),4.2,,sample,D,,#N/A
ID1049,EXT00004,H,10,EXT-MX004-H10,256.83,LIB-MX004-H10,LIB0004 (Index D),4.6,,sample,D,,#N/A
ID3233,EXT00004,H,11,EXT-MX004-H11,13.51,LIB-MX004-H11,LIB0004 (Index D),4.5,,sample,D,,#N/A
ID1839,EXT00005,A,1,EXT-MX005-A1,10.42,LIB-MX005-A1,LIB0005 (Index A) run2,2.6,,sample,A,,#N/A
ID1782,EXT00005,A,2,EXT-MX005-A2,63.49,LIB-MX005-A2,LIB0005 (Index A) run2,4.0,,sample,A,,#N/A
ID1831,EXT00005,A,3,EXT-MX005-A3,343,LIB-MX005-A3,LIB0005 (Index A) run2,3.1,,sample,A,,#N/A
ID1523,EXT00005,A,4,EXT-MX005-A4,45.12,LIB-MX005-A4,LIB0005 (Index A) run2,3.3,,sample,A,,#N/A
ID1713,EXT00005,A,5,EXT-MX005-A5,39.54,LIB-MX005-A5,LIB0005 (Index A) run2,4.5,,sample,A,,#N/A
ID1261,EXT00005,A,6,EXT-MX005-A6,50.63,LIB-MX005-A6,LIB0005 (Index A) run2,3.4,,sample,A,,#N/A
ID1608,EXT00005,A,7,EXT-MX005-A7,63.01,LIB-MX005-A7,LIB0005 (Index A) run2,3.0,,sample,A,,#N/A
ID3251,EXT00005,A,8,EXT-MX005-A8,35.23,LIB-MX005-A8,LIB0005 (Index A) run2,4.2,,sample,A,,#N/A
ID3057,EXT00005,A,9,EXT-MX005-A9,7.2,LIB-MX005-A9,LIB0005 (Index A) run2,2.4,,sample,A,,#N/A
ID1779,EXT00005,A,10,EXT-MX005-A10,64.1,LIB-MX005-A10,LIB0005 (Index A) run2,5.5,,sample,A,,#N/A
ID1599,EXT00005,A,11,EXT-MX005-A11,66.69,LIB-MX005-A11,LIB0005 (Index A) run2,6.1,,sample,A,,#N/A
ID1752,EXT00005,A,12,EXT-MX005-A12,64.91,LIB-MX005-A12,LIB0005 (Index A) run2,2.8,,sample,A,,#N/A
ID1104,EXT00005,B,1,EXT-MX005-B1,10.76,LIB-MX005-B1,LIB0005 (Index A) run2,3.5,,sample,A,,#N/A
ID3237,EXT00005,B,2,EXT-MX005-B2,69.68,LIB-MX005-B2,LIB0005 (Index A) run2,3.7,,sample,A,,#N/A
ID3291,EXT00005,B,3,EXT-MX005-B3,22.58,LIB-MX005-B3,LIB0005 (Index A) run2,4.8,,sample,A,,#N/A
ID1800,EXT00005,B,4,EXT-MX005-B4,295.65,LIB-MX005-B4,LIB0005 (Index A) run2,4.7,,sample,A,,#N/A
ID1942,EXT00005,B,5,EXT-MX005-B5,67.39,LIB-MX005-B5,LIB0005 (Index A) run2,3.8,,sample,A,,#N/A
ID1835,EXT00005,B,6,EXT-MX005-B6,11.32,LIB-MX005-B6,LIB0005 (Index A) run2,4.6,,sample,A,,#N/A
ID1404,EXT00005,B,7,EXT-MX005-B7,175.58,LIB-MX005-B7,LIB0005 (Index A) run2,4.1,,sample,A,,#N/A
ID1208,EXT00005,B,8,EXT-MX005-B8,43.42,LIB-MX005-B8,LIB0005 (Index A) run2,6.7,,sample,A,,#N/A
ID1830,EXT00005,B,9,EXT-MX005-B9,39.6,LIB-MX005-B9,LIB0005 (Index A) run2,2.6,,sample,A,,#N/A
ID3346,EXT00005,B,10,EXT-MX005-B10,64.49,LIB-MX005-B10,LIB0005 (Index A) run2,4.6,,sample,A,,#N/A
ID3224,EXT00005,B,11,EXT-MX005-B11,67.06,LIB-MX005-B11,LIB0005 (Index A) run2,10.3,,sample,A,,#N/A
ID3179,EXT00005,B,12,EXT-MX005-B12,58.86,LIB-MX005-B12,LIB0005 (Index A) run2,3.0,,sample,A,,#N/A
ID1065,EXT00005,C,1,EXT-MX005-C1,34.31,LIB-MX005-C1,LIB0005 (Index A) run2,2.5,,sample,A,,#N/A
ID3250,EXT00005,C,2,EXT-MX005-C2,62.39,LIB-MX005-C2,LIB0005 (Index A) run2,4.0,,sample,A,,#N/A
NA,EXT00005,C,3,EXT-MX005-C3,0.02,LIB-MX005-C3,LIB0005 (Index A) run2,0.0,,control,A,,#N/A
ID3246,EXT00005,C,4,EXT-MX005-C4,173,LIB-MX005-C4,LIB0005 (Index A) run2,5.3,,sample,A,,#N/A
ID3095,EXT00005,C,5,EXT-MX005-C5,62.95,LIB-MX005-C5,LIB0005 (Index A) run2,3.8,,sample,A,,#N/A
ID1585,EXT00005,C,6,EXT-MX005-C6,90.43,LIB-MX005-C6,LIB0005 (Index A) run2,5.6,,sample,A,,#N/A
ID1909,EXT00005,C,7,EXT-MX005-C7,302.93,LIB-MX005-C7,LIB0005 (Index A) run2,4.7,,sample,A,,#N/A
ID3226,EXT00005,C,8,EXT-MX005-C8,207.48,LIB-MX005-C8,LIB0005 (Index A) run2,3.9,,sample,A,,#N/A
ID1315,EXT00005,C,9,EXT-MX005-C9,87.54,LIB-MX005-C9,LIB0005 (Index A) run2,3.6,,sample,A,,#N/A
NA,EXT00005,C,10,EXT-MX005-C10,0.01,LIB-MX005-C10,LIB0005 (Index A) run2,0.0,,control,A,,#N/A
ID1769,EXT00005,C,11,EXT-MX005-C11,71.83,LIB-MX005-C11,LIB0005 (Index A) run2,4.3,,sample,A,,#N/A
ID1884,EXT00005,C,12,EXT-MX005-C12,61.36,LIB-MX005-C12,LIB0005 (Index A) run2,4.2,,sample,A,,#N/A
ID1864,EXT00005,D,1,EXT-MX005-D1,183.12,LIB-MX005-D1,LIB0005 (Index A) run2,4.1,,sample,A,,#N/A
ID1103,EXT00005,D,2,EXT-MX005-D2,333.58,LIB-MX005-D2,LIB0005 (Index A) run2,5.1,,sample,A,,#N/A
ID1006,EXT00005,D,3,EXT-MX005-D3,70.35,LIB-MX005-D3,LIB0005 (Index A) run2,4.9,,sample,A,,#N/A
ID1804,EXT00005,D,4,EXT-MX005-D4,46.41,LIB-MX005-D4,LIB0005 (Index A) run2,4.9,,sample,A,,#N/A
ID1105,EXT00005,D,5,EXT-MX005-D5,55.04,LIB-MX005-D5,LIB0005 (Index A) run2,4.7,,sample,A,,#N/A
ID1768,EXT00005,D,6,EXT-MX005-D6,869.36,LIB-MX005-D6,LIB0005 (Index A) run2,0.9,x,sample,A,lowyield,#N/A
ID3213,EXT00005,D,7,EXT-MX005-D7,129.49,LIB-MX005-D7,LIB0005 (Index A) run2,8.6,,sample,A,,#N/A
ID1512,EXT00005,D,8,EXT-MX005-D8,225.06,LIB-MX005-D8,LIB0005 (Index A) run2,4.1,,sample,A,,#N/A
ID1085,EXT00005,D,9,EXT-MX005-D9,13.4,LIB-MX005-D9,LIB0005 (Index A) run2,0.4,x,sample,A,lowyield,selected
ID3166,EXT00005,D,10,EXT-MX005-D10,59.79,LIB-MX005-D10,LIB0005 (Index A) run2,0.0,x,sample,A,lowyield,selected
ID3334,EXT00005,D,11,EXT-MX005-D11,30.6,LIB-MX005-D11,LIB0005 (Index A) run2,15.7,,sample,A,,#N/A
NA,EXT00005,D,12,EXT-MX005-D12,12.11,LIB-MX005-D12,LIB0005 (Index A) run2,3.8,,control,A,,#N/A
ID1877,EXT00005,E,1,EXT-MX005-E1,31.29,LIB-MX005-E1,LIB0005 (Index A) run2,6.6,,sample,A,,#N/A
ID1513,EXT00005,E,2,EXT-MX005-E2,920.35,LIB-MX005-E2,LIB0005 (Index A) run2,3.1,,sample,A,,#N/A
ID3285,EXT00005,E,3,EXT-MX005-E3,65,LIB-MX005-E3,LIB0005 (Index A) run2,9.9,,sample,A,,#N/A
ID1165,EXT00005,E,4,EXT-MX005-E4,327.3,LIB-MX005-E4,LIB0005 (Index A) run2,5.0,,sample,A,,#N/A
ID3047,EXT00005,E,5,EXT-MX005-E5,407.93,LIB-MX005-E5,LIB0005 (Index A) run2,6.1,,sample,A,,#N/A
ID1340,EXT00005,E,6,EXT-MX005-E6,409,LIB-MX005-E6,LIB0005 (Index A) run2,7.7,,sample,A,,#N/A
ID1484,EXT00005,E,7,EXT-MX005-E7,52.82,LIB-MX005-E7,LIB0005 (Index A) run2,3.2,,sample,A,,#N/A
ID1781,EXT00005,E,8,EXT-MX005-E8,79.38,LIB-MX005-E8,LIB0005 (Index A) run2,7.8,,sample,A,,#N/A
ID1195,EXT00005,E,9,EXT-MX005-E9,22.45,LIB-MX005-E9,LIB0005 (Index A) run2,3.1,,sample,A,,#N/A
ID1269,EXT00005,E,10,EXT-MX005-E10,13.18,LIB-MX005-E10,LIB0005 (Index A) run2,4.9,,sample,A,,#N/A
ID1194,EXT00005,E,11,EXT-MX005-E11,402.02,LIB-MX005-E11,LIB0005 (Index A) run2,6.1,,sample,A,,#N/A
ID1777,EXT00005,F,1,EXT-MX005-F1,19.38,LIB-MX005-F1,LIB0005 (Index A) run2,8.8,,sample,A,,#N/A
ID1298,EXT00005,F,2,EXT-MX005-F2,343.12,LIB-MX005-F2,LIB0005 (Index A) run2,6.2,,sample,A,,#N/A
NA,EXT00005,F,3,EXT-MX005-F3,0.02,LIB-MX005-F3,LIB0005 (Index A) run2,0.0,,control,A,,#N/A
ID1903,EXT00005,F,4,EXT-MX005-F4,50.2,LIB-MX005-F4,LIB0005 (Index A) run2,9.0,,sample,A,,#N/A
ID1501,EXT00005,F,5,EXT-MX005-F5,15.32,LIB-MX005-F5,LIB0005 (Index A) run2,6.3,,sample,A,,#N/A
ID1826,EXT00005,F,6,EXT-MX005-F6,83.02,LIB-MX005-F6,LIB0005 (Index A) run2,5.6,,sample,A,,#N/A
ID1698,EXT00005,F,7,EXT-MX005-F7,196.68,LIB-MX005-F7,LIB0005 (Index A) run2,5.7,,sample,A,,#N/A
ID1640,EXT00005,F,8,EXT-MX005-F8,26.12,LIB-MX005-F8,LIB0005 (Index A) run2,4.4,,sample,A,,#N/A
ID1303,EXT00005,F,9,EXT-MX005-F9,38.56,LIB-MX005-F9,LIB0005 (Index A) run2,4.2,,sample,A,,#N/A
NA,EXT00005,F,10,EXT-MX005-F10,0.01,LIB-MX005-F10,LIB0005 (Index A) run2,0.0,,control,A,,#N/A
ID3058,EXT00005,F,11,EXT-MX005-F11,49.13,LIB-MX005-F11,LIB0005 (Index A) run2,6.2,,sample,A,,#N/A
ID3046,EXT00005,G,1,EXT-MX005-G1,72.08,LIB-MX005-G1,LIB0005 (Index A) run2,6.4,,sample,A,,#N/A
ID1836,EXT00005,G,2,EXT-MX005-G2,73.85,LIB-MX005-G2,LIB0005 (Index A) run2,7.3,,sample,A,,#N/A
ID1783,EXT00005,G,3,EXT-MX005-G3,342,LIB-MX005-G3,LIB0005 (Index A) run2,6.8,,sample,A,,#N/A
ID1694,EXT00005,G,4,EXT-MX005-G4,49.41,LIB-MX005-G4,LIB0005 (Index A) run2,0.1,x,sample,A,lowyield,selected
ID1148,EXT00005,G,5,EXT-MX005-G5,12.49,LIB-MX005-G5,LIB0005 (Index A) run2,5.9,,sample,A,,#N/A
ID1093,EXT00005,G,6,EXT-MX005-G6,64.71,LIB-MX005-G6,LIB0005 (Index A) run2,7.1,,sample,A,,#N/A
ID1119,EXT00005,G,7,EXT-MX005-G7,119.44,LIB-MX005-G7,LIB0005 (Index A) run2,4.1,,sample,A,,#N/A
ID1251,EXT00005,G,8,EXT-MX005-G8,34.9,LIB-MX005-G8,LIB0005 (Index A) run2,4.6,,sample,A,,#N/A
ID3290,EXT00005,G,9,EXT-MX005-G9,57.71,LIB-MX005-G9,LIB0005 (Index A) run2,3.6,,sample,A,,#N/A
ID3161,EXT00005,G,10,EXT-MX005-G10,60.09,LIB-MX005-G10,LIB0005 (Index A) run2,6.1,,sample,A,,#N/A
ID1435,EXT00005,G,11,EXT-MX005-G11,540.05,LIB-MX005-G11,LIB0005 (Index A) run2,5.6,,sample,A,,#N/A
ID1968,EXT00005,H,1,EXT-MX005-H1,41.43,LIB-MX005-H1,LIB0005 (Index A) run2,8.1,,sample,A,,#N/A
ID1966,EXT00005,H,2,EXT-MX005-H2,732.71,LIB-MX005-H2,LIB0005 (Index A) run2,2.2,,sample,A,,#N/A
ID3006,EXT00005,H,3,EXT-MX005-H3,140.41,LIB-MX005-H3,LIB0005 (Index A) run2,7.3,,sample,A,,#N/A
ID1676,EXT00005,H,4,EXT-MX005-H4,25.53,LIB-MX005-H4,LIB0005 (Index A) run2,7.7,,sample,A,,#N/A
ID1118,EXT00005,H,5,EXT-MX005-H5,44.19,LIB-MX005-H5,LIB0005 (Index A) run2,6.4,,sample,A,,#N/A
ID1341,EXT00005,H,6,EXT-MX005-H6,50.55,LIB-MX005-H6,LIB0005 (Index A) run2,11.4,,sample,A,,#N/A
ID1047,EXT00005,H,7,EXT-MX005-H7,42.44,LIB-MX005-H7,LIB0005 (Index A) run2,4.3,,sample,A,,#N/A
ID1704,EXT00005,H,8,EXT-MX005-H8,68.14,LIB-MX005-H8,LIB0005 (Index A) run2,5.1,,sample,A,,#N/A
ID1765,EXT00005,H,9,EXT-MX005-H9,48.75,LIB-MX005-H9,LIB0005 (Index A) run2,7.3,,sample,A,,#N/A
ID1021,EXT00005,H,10,EXT-MX005-H10,63.14,LIB-MX005-H10,LIB0005 (Index A) run2,5.1,,sample,A,,#N/A
ID1387,EXT00005,H,11,EXT-MX005-H11,60.69,LIB-MX005-H11,LIB0005 (Index A) run2,8.0,,sample,A,,#N/A
ID1230,EXT00006,A,1,EXT-MX006-A1,732.96,LIB-MX006-A1,LIB0006 (Index B),4.4,,sample,B,,#N/A
ID1082,EXT00006,A,2,EXT-MX006-A2,59.21,LIB-MX006-A2,LIB0006 (Index B),6.2,,sample,B,,#N/A
ID1242,EXT00006,A,3,EXT-MX006-A3,1079.85,LIB-MX006-A3,LIB0006 (Index B),6.4,,sample,B,,#N/A
ID3151,EXT00006,A,4,EXT-MX006-A4,66.37,LIB-MX006-A4,LIB0006 (Index B),5.8,,sample,B,,#N/A
ID1518,EXT00006,A,5,EXT-MX006-A5,3385.75,LIB-MX006-A5,LIB0006 (Index B),3.7,,sample,B,,#N/A
ID1535,EXT00006,A,6,EXT-MX006-A6,26.78,LIB-MX006-A6,LIB0006 (Index B),5.9,,sample,B,,#N/A
ID1011,EXT00006,A,7,EXT-MX006-A7,2362.04,LIB-MX006-A7,LIB0006 (Index B),5.9,,sample,B,,#N/A
ID1897,EXT00006,A,8,EXT-MX006-A8,2891.54,LIB-MX006-A8,LIB0006 (Index B),6.3,,sample,B,,#N/A
ID1459,EXT00006,A,9,EXT-MX006-A9,17.09,LIB-MX006-A9,LIB0006 (Index B),5.3,,sample,B,,#N/A
ID1109,EXT00006,A,10,EXT-MX006-A10,5.51,LIB-MX006-A10,LIB0006 (Index B),6.1,,sample,B,,#N/A
ID1596,EXT00006,A,11,EXT-MX006-A11,175.2,LIB-MX006-A11,LIB0006 (Index B),6.8,,sample,B,,#N/A
ID1311,EXT00006,A,12,EXT-MX006-A12,72.94,LIB-MX006-A12,LIB0006 (Index B),7.3,,sample,B,,#N/A
ID1955,EXT00006,B,1,EXT-MX006-B1,26.26,LIB-MX006-B1,LIB0006 (Index B),7.7,,sample,B,,#N/A
ID3360,EXT00006,B,2,EXT-MX006-B2,34.9,LIB-MX006-B2,LIB0006 (Index B),3.1,,sample,B,,#N/A
ID3272,EXT00006,B,3,EXT-MX006-B3,23.51,LIB-MX006-B3,LIB0006 (Index B),9.7,,sample,B,,#N/A
ID1503,EXT00006,B,4,EXT-MX006-B4,41.03,LIB-MX006-B4,LIB0006 (Index B),6.6,,sample,B,,#N/A
ID1154,EXT00006,B,5,EXT-MX006-B5,70.15,LIB-MX006-B5,LIB0006 (Index B),8.6,,sample,B,,#N/A
ID1307,EXT00006,B,6,EXT-MX006-B6,353.92,LIB-MX006-B6,LIB0006 (Index B),5.7,,sample,B,,#N/A
ID3063,EXT00006,B,7,EXT-MX006-B7,1323.75,LIB-MX006-B7,LIB0006 (Index B),7.7,,sample,B,,#N/A
ID3027,EXT00006,B,8,EXT-MX006-B8,69.11,LIB-MX006-B8,LIB0006 (Index B),6.2,,sample,B,,#N/A
ID1573,EXT00006,B,9,EXT-MX006-B9,250.94,LIB-MX006-B9,LIB0006 (Index B),6.7,,sample,B,,#N/A
ID1206,EXT00006,B,10,EXT-MX006-B10,382.93,LIB-MX006-B10,LIB0006 (Index B),5.8,,sample,B,,#N/A
ID1308,EXT00006,B,11,EXT-MX006-B11,39.79,LIB-MX006-B11,LIB0006 (Index B),4.5,,sample,B,,#N/A
ID1086,EXT00006,B,12,EXT-MX006-B12,66.62,LIB-MX006-B12,LIB0006 (Index B),7.2,,sample,B,,#N/A
ID1778,EXT00006,C,1,EXT-MX006-C1,2970.91,LIB-MX006-C1,LIB0006 (Index B),2.3,,sample,B,,#N/A
ID1070,EXT00006,C,2,EXT-MX006-C2,1.15,LIB-MX006-C2,LIB0006 (Index B),2.0,,sample,B,,#N/A
NA,EXT00006,C,3,EXT-MX006-C3,0.02,LIB-MX006-C3,LIB0006 (Index B),0.0,,control,B,,#N/A
ID1688,EXT00006,C,4,EXT-MX006-C4,38.67,LIB-MX006-C4,LIB0006 (Index B),5.1,,sample,B,,#N/A
ID1073,EXT00006,C,5,EXT-MX006-C5,5131.75,LIB-MX006-C5,LIB0006 (Index B),7.5,,sample,B,,#N/A
ID1072,EXT00006,C,6,EXT-MX006-C6,8.7,LIB-MX006-C6,LIB0006 (Index B),7.1,,sample,B,,#N/A
ID1714,EXT00006,C,7,EXT-MX006-C7,20.6,LIB-MX006-C7,LIB0006 (Index B),6.8,,sample,B,,#N/A
ID1209,EXT00006,C,8,EXT-MX006-C8,765.74,LIB-MX006-C8,LIB0006 (Index B),4.2,,sample,B,,#N/A
ID3088,EXT00006,C,9,EXT-MX006-C9,72.33,LIB-MX006-C9,LIB0006 (Index B),4.8,,sample,B,,#N/A
NA,EXT00006,C,10,EXT-MX006-C10,0,LIB-MX006-C10,LIB0006 (Index B),0.7,,control,B,,#N/A
ID1061,EXT00006,C,11,EXT-MX006-C11,76.13,LIB-MX006-C11,LIB0006 (Index B),6.9,,sample,B,,#N/A
ID3132,EXT00006,C,12,EXT-MX006-C12,75.29,LIB-MX006-C12,LIB0006 (Index B),6.7,,sample,B,,#N/A
ID3301,EXT00006,D,1,EXT-MX006-D1,4169.83,LIB-MX006-D1,LIB0006 (Index B),1.0,,sample,B,,#N/A
ID1198,EXT00006,D,2,EXT-MX006-D2,2327.37,LIB-MX006-D2,LIB0006 (Index B),1.6,,sample,B,,#N/A
ID1894,EXT00006,D,3,EXT-MX006-D3,23.52,LIB-MX006-D3,LIB0006 (Index B),5.0,,sample,B,,#N/A
ID1344,EXT00006,D,4,EXT-MX006-D4,2951.82,LIB-MX006-D4,LIB0006 (Index B),5.0,,sample,B,,#N/A
ID3386,EXT00006,D,5,EXT-MX006-D5,3538.47,LIB-MX006-D5,LIB0006 (Index B),3.8,,sample,B,,#N/A
ID3143,EXT00006,D,6,EXT-MX006-D6,242.52,LIB-MX006-D6,LIB0006 (Index B),4.9,,sample,B,,#N/A
ID1727,EXT00006,D,7,EXT-MX006-D7,2541.38,LIB-MX006-D7,LIB0006 (Index B),1.9,,sample,B,,#N/A
ID1060,EXT00006,D,8,EXT-MX006-D8,2.66,LIB-MX006-D8,LIB0006 (Index B),4.1,,sample,B,,#N/A
ID1196,EXT00006,D,9,EXT-MX006-D9,194.29,LIB-MX006-D9,LIB0006 (Index B),3.9,,sample,B,,#N/A
ID3398,EXT00006,D,10,EXT-MX006-D10,75.63,LIB-MX006-D10,LIB0006 (Index B),4.5,,sample,B,,#N/A
ID3278,EXT00006,D,11,EXT-MX006-D11,370.63,LIB-MX006-D11,LIB0006 (Index B),3.5,,sample,B,,#N/A
NA,EXT00006,D,12,EXT-MX006-D12,8.45,LIB-MX006-D12,LIB0006 (Index B),4.8,,control,B,,#N/A
ID1627,EXT00006,E,1,EXT-MX006-E1,39.48,LIB-MX006-E1,LIB0006 (Index B),8.4,,sample,B,,#N/A
ID1449,EXT00006,E,2,EXT-MX006-E2,22.63,LIB-MX006-E2,LIB0006 (Index B),5.2,,sample,B,,#N/A
ID1071,EXT00006,E,3,EXT-MX006-E3,3763.16,LIB-MX006-E3,LIB0006 (Index B),1.0,,sample,B,,#N/A
ID1233,EXT00006,E,4,EXT-MX006-E4,1550.7,LIB-MX006-E4,LIB0006 (Index B),5.9,,sample,B,,#N/A
ID1605,EXT00006,E,5,EXT-MX006-E5,523.1,LIB-MX006-E5,LIB0006 (Index B),3.7,,sample,B,,#N/A
ID1205,EXT00006,E,6,EXT-MX006-E6,30.5,LIB-MX006-E6,LIB0006 (Index B),4.7,,sample,B,,#N/A
ID3384,EXT00006,E,7,EXT-MX006-E7,51.6,LIB-MX006-E7,LIB0006 (Index B),7.1,,sample,B,,#N/A
ID3159,EXT00006,E,8,EXT-MX006-E8,755.44,LIB-MX006-E8,LIB0006 (Index B),2.8,,sample,B,,#N/A
ID3177,EXT00006,E,9,EXT-MX006-E9,308.83,LIB-MX006-E9,LIB0006 (Index B),0.0,x,sample,B,lowyield,selected
ID3353,EXT00006,E,10,EXT-MX006-E10,746.28,LIB-MX006-E10,LIB0006 (Index B),3.6,,sample,B,,#N/A
ID1618,EXT00006,E,11,EXT-MX006-E11,740.25,LIB-MX006-E11,LIB0006 (Index B),4.5,,sample,B,,#N/A
ID1337,EXT00006,F,1,EXT-MX006-F1,1369.09,LIB-MX006-F1,LIB0006 (Index B),5.8,,sample,B,,#N/A
ID3019,EXT00006,F,2,EXT-MX006-F2,40.74,LIB-MX006-F2,LIB0006 (Index B),6.9,,sample,B,,#N/A
NA,EXT00006,F,3,EXT-MX006-F3,0.01,LIB-MX006-F3,LIB0006 (Index B),0.0,,control,B,,#N/A
ID1543,EXT00006,F,4,EXT-MX006-F4,69.86,LIB-MX006-F4,LIB0006 (Index B),4.4,,sample,B,,#N/A
ID1241,EXT00006,F,5,EXT-MX006-F5,276.43,LIB-MX006-F5,LIB0006 (Index B),5.8,,sample,B,,#N/A
ID1626,EXT00006,F,6,EXT-MX006-F6,38.77,LIB-MX006-F6,LIB0006 (Index B),3.5,,sample,B,,#N/A
ID1806,EXT00006,F,7,EXT-MX006-F7,230.72,LIB-MX006-F7,LIB0006 (Index B),5.4,,sample,B,,#N/A
ID1090,EXT00006,F,8,EXT-MX006-F8,65.06,LIB-MX006-F8,LIB0006 (Index B),3.5,,sample,B,,#N/A
ID3075,EXT00006,F,9,EXT-MX006-F9,295.4,LIB-MX006-F9,LIB0006 (Index B),0.0,x,sample,B,lowyield,selected
NA,EXT00006,F,10,EXT-MX006-F10,0.01,LIB-MX006-F10,LIB0006 (Index B),0.0,,control,B,,#N/A
ID1607,EXT00006,F,11,EXT-MX006-F11,153.1,LIB-MX006-F11,LIB0006 (Index B),3.9,,sample,B,,#N/A
ID1444,EXT00006,G,1,EXT-MX006-G1,24.1,LIB-MX006-G1,LIB0006 (Index B),5.8,,sample,B,,#N/A
ID1487,EXT00006,G,2,EXT-MX006-G2,48.47,LIB-MX006-G2,LIB0006 (Index B),4.2,,sample,B,,#N/A
ID3146,EXT00006,G,3,EXT-MX006-G3,77.62,LIB-MX006-G3,LIB0006 (Index B),6.1,,sample,B,,#N/A
ID1758,EXT00006,G,4,EXT-MX006-G4,37.84,LIB-MX006-G4,LIB0006 (Index B),0.0,x,sample,B,lowyield,selected
ID3155,EXT00006,G,5,EXT-MX006-G5,60.77,LIB-MX006-G5,LIB0006 (Index B),7.7,,sample,B,,#N/A
ID1330,EXT00006,G,6,EXT-MX006-G6,2175.28,LIB-MX006-G6,LIB0006 (Index B),2.9,,sample,B,,#N/A
ID1112,EXT00006,G,7,EXT-MX006-G7,4.98,LIB-MX006-G7,LIB0006 (Index B),1.5,,sample,B,,#N/A
ID3140,EXT00006,G,8,EXT-MX006-G8,12.59,LIB-MX006-G8,LIB0006 (Index B),2.2,,sample,B,,#N/A
ID3005,EXT00006,G,9,EXT-MX006-G9,388.84,LIB-MX006-G9,LIB0006 (Index B),0.1,x,sample,B,lowyield,selected
ID1056,EXT00006,G,10,EXT-MX006-G10,143.8,LIB-MX006-G10,LIB0006 (Index B),3.6,,sample,B,,#N/A
ID3349,EXT00006,G,11,EXT-MX006-G11,59.57,LIB-MX006-G11,LIB0006 (Index B),3.6,,sample,B,,#N/A
ID1952,EXT00006,H,1,EXT-MX006-H1,71.52,LIB-MX006-H1,LIB0006 (Index B),5.4,,sample,B,,#N/A
ID3052,EXT00006,H,2,EXT-MX006-H2,51.69,LIB-MX006-H2,LIB0006 (Index B),5.9,,sample,B,,#N/A
ID1960,EXT00006,H,3,EXT-MX006-H3,3.72,LIB-MX006-H3,LIB0006 (Index B),3.6,,sample,B,,#N/A
ID1052,EXT00006,H,4,EXT-MX006-H4,5245.28,LIB-MX006-H4,LIB0006 (Index B),2.3,,sample,B,,#N/A
ID3387,EXT00006,H,5,EXT-MX006-H5,1052.85,LIB-MX006-H5,LIB0006 (Index B),4.9,,sample,B,,#N/A
ID3158,EXT00006,H,6,EXT-MX006-H6,3467.38,LIB-MX006-H6,LIB0006 (Index B),2.5,,sample,B,,#N/A
ID3383,EXT00006,H,7,EXT-MX006-H7,68.33,LIB-MX006-H7,LIB0006 (Index B),6.8,,sample,B,,#N/A
ID3297,EXT00006,H,8,EXT-MX006-H8,49.94,LIB-MX006-H8,LIB0006 (Index B),5.0,,sample,B,,#N/A
ID1984,EXT00006,H,9,EXT-MX006-H9,746.53,LIB-MX006-H9,LIB0006 (Index B),0.0,x,sample,B,lowyield,selected
ID1703,EXT00006,H,10,EXT-MX006-H10,70.72,LIB-MX006-H10,LIB0006 (Index B),8.0,,sample,B,,#N/A
ID1050,EXT00006,H,11,EXT-MX006-H11,201,LIB-MX006-H11,LIB0006 (Index B),4.5,,sample,B,,#N/A
ID3317,EXT00007,A,1,EXT-MX007-A1,75.33,LIB-MX007-A1,LIB0007 (Index C),10.5,,sample,C,,#N/A
ID1215,EXT00007,A,2,EXT-MX007-A2,35.01,LIB-MX007-A2,LIB0007 (Index C),6.7,,sample,C,,#N/A
ID1422,EXT00007,A,3,EXT-MX007-A3,37.38,LIB-MX007-A3,LIB0007 (Index C),9.7,,sample,C,,#N/A
ID1257,EXT00007,A,4,EXT-MX007-A4,12.49,LIB-MX007-A4,LIB0007 (Index C),8.7,,sample,C,,#N/A
ID1097,EXT00007,A,5,EXT-MX007-A5,55.04,LIB-MX007-A5,LIB0007 (Index C),8.2,,sample,C,,#N/A
ID1751,EXT00007,A,6,EXT-MX007-A6,58.08,LIB-MX007-A6,LIB0007 (Index C),0.0,x,sample,C,lowyield,selected
ID1231,EXT00007,A,7,EXT-MX007-A7,1.3,LIB-MX007-A7,LIB0007 (Index C),2.3,,sample,C,,#N/A
ID3106,EXT00007,A,8,EXT-MX007-A8,41.01,LIB-MX007-A8,LIB0007 (Index C),22.4,,sample,C,,#N/A
ID3248,EXT00007,A,9,EXT-MX007-A9,27.47,LIB-MX007-A9,LIB0007 (Index C),18.9,,sample,C,,#N/A
ID1003,EXT00007,A,10,EXT-MX007-A10,36.21,LIB-MX007-A10,LIB0007 (Index C),7.1,,sample,C,,#N/A
ID1592,EXT00007,A,11,EXT-MX007-A11,47.56,LIB-MX007-A11,LIB0007 (Index C),6.6,,sample,C,,#N/A
ID1895,EXT00007,A,12,EXT-MX007-A12,58.47,LIB-MX007-A12,LIB0007 (Index C),3.7,,sample,C,,#N/A
ID3341,EXT00007,B,1,EXT-MX007-B1,62.87,LIB-MX007-B1,LIB0007 (Index C),10.9,,sample,C,,#N/A
ID1068,EXT00007,B,2,EXT-MX007-B2,71.43,LIB-MX007-B2,LIB0007 (Index C),6.5,,sample,C,,#N/A
ID3204,EXT00007,B,3,EXT-MX007-B3,53.76,LIB-MX007-B3,LIB0007 (Index C),9.1,,sample,C,,#N/A
ID1913,EXT00007,B,4,EXT-MX007-B4,60.05,LIB-MX007-B4,LIB0007 (Index C),6.9,,sample,C,,#N/A
ID1158,EXT00007,B,5,EXT-MX007-B5,77.92,LIB-MX007-B5,LIB0007 (Index C),5.5,,sample,C,,#N/A
ID3195,EXT00007,B,6,EXT-MX007-B6,79.68,LIB-MX007-B6,LIB0007 (Index C),7.7,,sample,C,,#N/A
ID3351,EXT00007,B,7,EXT-MX007-B7,3.25,LIB-MX007-B7,LIB0007 (Index C),6.2,,sample,C,,#N/A
ID1380,EXT00007,B,8,EXT-MX007-B8,61.51,LIB-MX007-B8,LIB0007 (Index C),0.0,x,sample,C,lowyield,selected
ID3061,EXT00007,B,9,EXT-MX007-B9,34.8,LIB-MX007-B9,LIB0007 (Index C),15.3,,sample,C,,#N/A
ID1028,EXT00007,B,10,EXT-MX007-B10,28.86,LIB-MX007-B10,LIB0007 (Index C),0.0,x,sample,C,lowyield,selected
ID1772,EXT00007,B,11,EXT-MX007-B11,63.96,LIB-MX007-B11,LIB0007 (Index C),12.1,,sample,C,,#N/A
ID3101,EXT00007,B,12,EXT-MX007-B12,23.77,LIB-MX007-B12,LIB0007 (Index C),0.5,x,sample,C,lowyield,selected
ID1642,EXT00007,C,1,EXT-MX007-C1,76.17,LIB-MX007-C1,LIB0007 (Index C),9.9,,sample,C,,#N/A
ID1852,EXT00007,C,2,EXT-MX007-C2,66.56,LIB-MX007-C2,LIB0007 (Index C),6.2,,sample,C,,#N/A
NA,EXT00007,C,3,EXT-MX007-C3,0,LIB-MX007-C3,LIB0007 (Index C),0.0,,control,C,,#N/A
ID3190,EXT00007,C,4,EXT-MX007-C4,23.31,LIB-MX007-C4,LIB0007 (Index C),7.4,,sample,C,,#N/A
ID3186,EXT00007,C,5,EXT-MX007-C5,64.19,LIB-MX007-C5,LIB0007 (Index C),3.4,,sample,C,,#N/A
ID3316,EXT00007,C,6,EXT-MX007-C6,84.11,LIB-MX007-C6,LIB0007 (Index C),7.2,,sample,C,,#N/A
ID1304,EXT00007,C,7,EXT-MX007-C7,49.76,LIB-MX007-C7,LIB0007 (Index C),6.6,,sample,C,,#N/A
ID1485,EXT00007,C,8,EXT-MX007-C8,75.46,LIB-MX007-C8,LIB0007 (Index C),0.0,x,sample,C,lowyield,selected
ID3298,EXT00007,C,9,EXT-MX007-C9,21.38,LIB-MX007-C9,LIB0007 (Index C),6.9,,sample,C,,#N/A
NA,EXT00007,C,10,EXT-MX007-C10,0,LIB-MX007-C10,LIB0007 (Index C),0.0,,control,C,,#N/A
ID1335,EXT00007,C,11,EXT-MX007-C11,43.69,LIB-MX007-C11,LIB0007 (Index C),5.6,,sample,C,,#N/A
ID1683,EXT00007,C,12,EXT-MX007-C12,59.63,LIB-MX007-C12,LIB0007 (Index C),1.9,,sample,C,,#N/A
ID3277,EXT00007,D,1,EXT-MX007-D1,78.91,LIB-MX007-D1,LIB0007 (Index C),9.9,,sample,C,,#N/A
ID1687,EXT00007,D,2,EXT-MX007-D2,71.54,LIB-MX007-D2,LIB0007 (Index C),6.1,,sample,C,,#N/A
ID3139,EXT00007,D,3,EXT-MX007-D3,35.98,LIB-MX007-D3,LIB0007 (Index C),6.8,,sample,C,,#N/A
ID3299,EXT00007,D,4,EXT-MX007-D4,80.28,LIB-MX007-D4,LIB0007 (Index C),5.5,,sample,C,,#N/A
ID1408,EXT00007,D,5,EXT-MX007-D5,8.93,LIB-MX007-D5,LIB0007 (Index C),5.9,,sample,C,,#N/A
ID3385,EXT00007,D,6,EXT-MX007-D6,27.4,LIB-MX007-D6,LIB0007 (Index C),4.6,,sample,C,,#N/A
ID3114,EXT00007,D,7,EXT-MX007-D7,50.74,LIB-MX007-D7,LIB0007 (Index C),8.0,,sample,C,,#N/A
ID3174,EXT00007,D,8,EXT-MX007-D8,54.76,LIB-MX007-D8,LIB0007 (Index C),2.3,,sample,C,,#N/A
ID1555,EXT00007,D,9,EXT-MX007-D9,5185.12,LIB-MX007-D9,LIB0007 (Index C),1.3,,sample,C,,#N/A
ID1375,EXT00007,D,10,EXT-MX007-D10,40.76,LIB-MX007-D10,LIB0007 (Index C),1.7,,sample,C,,#N/A
ID1478,EXT00007,D,11,EXT-MX007-D11,41.92,LIB-MX007-D11,LIB0007 (Index C),0.1,x,sample,C,lowyield,selected
NA,EXT00007,D,12,EXT-MX007-D12,13.38,LIB-MX007-D12,LIB0007 (Index C),3.2,,control,C,,#N/A
ID3147,EXT00007,E,1,EXT-MX007-E1,76.02,LIB-MX007-E1,LIB0007 (Index C),6.4,,sample,C,,#N/A
ID3131,EXT00007,E,2,EXT-MX007-E2,82.92,LIB-MX007-E2,LIB0007 (Index C),4.3,,sample,C,,#N/A
ID3389,EXT00007,E,3,EXT-MX007-E3,13.28,LIB-MX007-E3,LIB0007 (Index C),6.7,,sample,C,,#N/A
ID1479,EXT00007,E,4,EXT-MX007-E4,72.08,LIB-MX007-E4,LIB0007 (Index C),14.2,,sample,C,,#N/A
ID1610,EXT00007,E,5,EXT-MX007-E5,30.57,LIB-MX007-E5,LIB0007 (Index C),2.1,,sample,C,,#N/A
ID1922,EXT00007,E,6,EXT-MX007-E6,66.2,LIB-MX007-E6,LIB0007 (Index C),3.7,,sample,C,,#N/A
ID1637,EXT00007,E,7,EXT-MX007-E7,73.15,LIB-MX007-E7,LIB0007 (Index C),3.2,,sample,C,,#N/A
ID1741,EXT00007,E,8,EXT-MX007-E8,72.98,LIB-MX007-E8,LIB0007 (Index C),1.9,,sample,C,,#N/A
ID3152,EXT00007,E,9,EXT-MX007-E9,20.2,LIB-MX007-E9,LIB0007 (Index C),2.1,,sample,C,,#N/A
ID3152,EXT00007,E,9,EXT-MX007-E9,20.2,LIB-MX007-E9,LIB0007 (Index C),2.1,,sample,C,,#N/A
ID1239,EXT00007,E,10,EXT-MX007-E10,11.68,LIB-MX007-E10,LIB0007 (Index C),0.5,x,sample,C,lowyield,selected
ID1379,EXT00007,E,11,EXT-MX007-E11,41.7,LIB-MX007-E11,LIB0007 (Index C),2.3,,sample,C,,#N/A
ID1305,EXT00007,F,1,EXT-MX007-F1,43.72,LIB-MX007-F1,LIB0007 (Index C),7.1,,sample,C,,#N/A
ID3255,EXT00007,F,2,EXT-MX007-F2,9.77,LIB-MX007-F2,LIB0007 (Index C),1.4,,sample,C,,#N/A
NA,EXT00007,F,3,EXT-MX007-F3,0,LIB-MX007-F3,LIB0007 (Index C),0.0,,control,C,,#N/A
ID1347,EXT00007,F,4,EXT-MX007-F4,79.57,LIB-MX007-F4,LIB0007 (Index C),0.0,x,sample,C,lowyield,selected
ID1639,EXT00007,F,5,EXT-MX007-F5,15.53,LIB-MX007-F5,LIB0007 (Index C),2.1,,sample,C,,#N/A
ID1406,EXT00007,F,6,EXT-MX007-F6,82.24,LIB-MX007-F6,LIB0007 (Index C),2.0,,sample,C,,#N/A
ID1763,EXT00007,F,7,EXT-MX007-F7,69.86,LIB-MX007-F7,LIB0007 (Index C),0.2,x,sample,C,lowyield,selected
ID1798,EXT00007,F,8,EXT-MX007-F8,52.61,LIB-MX007-F8,LIB0007 (Index C),1.3,,sample,C,,#N/A
ID1405,EXT00007,F,9,EXT-MX007-F9,56.79,LIB-MX007-F9,LIB0007 (Index C),2.5,,sample,C,,#N/A
NA,EXT00007,F,10,EXT-MX007-F10,0,LIB-MX007-F10,LIB0007 (Index C),0.0,,control,C,,#N/A
ID1211,EXT00007,F,11,EXT-MX007-F11,28.58,LIB-MX007-F11,LIB0007 (Index C),1.1,,sample,C,,#N/A
ID1188,EXT00007,G,1,EXT-MX007-G1,46.1,LIB-MX007-G1,LIB0007 (Index C),3.9,,sample,C,,#N/A
ID1528,EXT00007,G,2,EXT-MX007-G2,114.42,LIB-MX007-G2,LIB0007 (Index C),2.2,,sample,C,,#N/A
ID3125,EXT00007,G,3,EXT-MX007-G3,20.58,LIB-MX007-G3,LIB0007 (Index C),5.0,,sample,C,,#N/A
ID1367,EXT00007,G,4,EXT-MX007-G4,61.05,LIB-MX007-G4,LIB0007 (Index C),0.0,x,sample,C,lowyield,selected
ID3169,EXT00007,G,5,EXT-MX007-G5,71.01,LIB-MX007-G5,LIB0007 (Index C),2.3,,sample,C,,#N/A
ID3168,EXT00007,G,6,EXT-MX007-G6,72.28,LIB-MX007-G6,LIB0007 (Index C),1.9,,sample,C,,#N/A
ID1673,EXT00007,G,7,EXT-MX007-G7,24.91,LIB-MX007-G7,LIB0007 (Index C),0.6,x,sample,C,lowyield,#N/A
ID1812,EXT00007,G,8,EXT-MX007-G8,80.04,LIB-MX007-G8,LIB0007 (Index C),0.9,x,sample,C,lowyield,#N/A
ID1238,EXT00007,G,9,EXT-MX007-G9,28.41,LIB-MX007-G9,LIB0007 (Index C),2.6,,sample,C,,#N/A
ID1368,EXT00007,G,10,EXT-MX007-G10,58.99,LIB-MX007-G10,LIB0007 (Index C),0.8,x,sample,C,lowyield,#N/A
ID1355,EXT00007,G,11,EXT-MX007-G11,33.5,LIB-MX007-G11,LIB0007 (Index C),0.5,x,sample,C,lowyield,selected
ID1051,EXT00007,H,1,EXT-MX007-H1,19.93,LIB-MX007-H1,LIB0007 (Index C),3.4,,sample,C,,#N/A
ID1256,EXT00007,H,2,EXT-MX007-H2,18.7,LIB-MX007-H2,LIB0007 (Index C),1.0,,sample,C,,#N/A
ID3180,EXT00007,H,3,EXT-MX007-H3,68.87,LIB-MX007-H3,LIB0007 (Index C),2.4,,sample,C,,#N/A
ID1467,EXT00007,H,4,EXT-MX007-H4,82.71,LIB-MX007-H4,LIB0007 (Index C),1.9,,sample,C,,#N/A
ID1912,EXT00007,H,5,EXT-MX007-H5,19.22,LIB-MX007-H5,LIB0007 (Index C),1.9,,sample,C,,#N/A
ID1947,EXT00007,H,6,EXT-MX007-H6,12.19,LIB-MX007-H6,LIB0007 (Index C),1.1,,sample,C,,#N/A
ID1252,EXT00007,H,7,EXT-MX007-H7,60.48,LIB-MX007-H7,LIB0007 (Index C),1.7,,sample,C,,#N/A
ID1437,EXT00007,H,8,EXT-MX007-H8,13.73,LIB-MX007-H8,LIB0007 (Index C),0.6,x,sample,C,lowyield,#N/A
ID1229,EXT00007,H,9,EXT-MX007-H9,69.43,LIB-MX007-H9,LIB0007 (Index C),2.6,,sample,C,,#N/A
ID1565,EXT00007,H,10,EXT-MX007-H10,50.02,LIB-MX007-H10,LIB0007 (Index C),2.0,,sample,C,,#N/A
ID1614,EXT00007,H,11,EXT-MX007-H11,32.49,LIB-MX007-H11,LIB0007 (Index C),3.4,,sample,C,,#N/A
ID3257,EXT00008,A,1,EXT-MX008-A1,40.23,LIB-MX008_run2-A1,LIB0008 run2 (Index D),2.6,,sample,D,,#N/A
ID3107,EXT00008,A,2,EXT-MX008-A2,27.72,LIB-MX008_run2-A2,LIB0008 run2 (Index D),7.7,,sample,D,,#N/A
ID1649,EXT00008,A,3,EXT-MX008-A3,29.91,LIB-MX008_run2-A3,LIB0008 run2 (Index D),2.9,,sample,D,,#N/A
ID1838,EXT00008,A,4,EXT-MX008-A4,10.36,LIB-MX008_run2-A4,LIB0008 run2 (Index D),1.2,,sample,D,,#N/A
ID1536,EXT00008,A,5,EXT-MX008-A5,43.12,LIB-MX008_run2-A5,LIB0008 run2 (Index D),2.6,,sample,D,,#N/A
ID1925,EXT00008,A,6,EXT-MX008-A6,49.2,LIB-MX008_run2-A6,LIB0008 run2 (Index D),1.5,,sample,D,,#N/A
ID1159,EXT00008,A,7,EXT-MX008-A7,9.48,LIB-MX008_run2-A7,LIB0008 run2 (Index D),2.9,,sample,D,,#N/A
ID3259,EXT00008,A,8,EXT-MX008-A8,53.02,LIB-MX008_run2-A8,LIB0008 run2 (Index D),2.3,,sample,D,,#N/A
ID1633,EXT00008,A,9,EXT-MX008-A9,22.98,LIB-MX008_run2-A9,LIB0008 run2 (Index D),5.5,,sample,D,,#N/A
ID1173,EXT00008,A,10,EXT-MX008-A10,71.8,LIB-MX008_run2-A10,LIB0008 run2 (Index D),2.8,,sample,D,,#N/A
ID3076,EXT00008,A,11,EXT-MX008-A11,79.45,LIB-MX008_run2-A11,LIB0008 run2 (Index D),1.8,,sample,D,,#N/A
ID3138,EXT00008,A,12,EXT-MX008-A12,1536.27,LIB-MX008_run2-A12,LIB0008 run2 (Index D),5.4,,sample,D,,#N/A
ID1602,EXT00008,B,1,EXT-MX008-B1,48.93,LIB-MX008_run2-B1,LIB0008 run2 (Index D),3.1,,sample,D,,#N/A
ID1026,EXT00008,B,2,EXT-MX008-B2,17.15,LIB-MX008_run2-B2,LIB0008 run2 (Index D),3.2,,sample,D,,#N/A
ID1499,EXT00008,B,3,EXT-MX008-B3,34.35,LIB-MX008_run2-B3,LIB0008 run2 (Index D),5.0,,sample,D,,#N/A
ID1031,EXT00008,B,4,EXT-MX008-B4,2.42,LIB-MX008_run2-B4,LIB0008 run2 (Index D),3.8,,sample,D,,#N/A
ID3081,EXT00008,B,5,EXT-MX008-B5,43.75,LIB-MX008_run2-B5,LIB0008 run2 (Index D),5.7,,sample,D,,#N/A
ID1043,EXT00008,B,6,EXT-MX008-B6,40.16,LIB-MX008_run2-B6,LIB0008 run2 (Index D),4.5,,sample,D,,#N/A
ID1415,EXT00008,B,7,EXT-MX008-B7,46.47,LIB-MX008_run2-B7,LIB0008 run2 (Index D),4.8,,sample,D,,#N/A
ID1629,EXT00008,B,8,EXT-MX008-B8,23.84,LIB-MX008_run2-B8,LIB0008 run2 (Index D),3.3,,sample,D,,#N/A
ID1023,EXT00008,B,9,EXT-MX008-B9,614.74,LIB-MX008_run2-B9,LIB0008 run2 (Index D),5.4,,sample,D,,#N/A
ID3391,EXT00008,B,10,EXT-MX008-B10,31.94,LIB-MX008_run2-B10,LIB0008 run2 (Index D),4.5,,sample,D,,#N/A
ID3302,EXT00008,B,11,EXT-MX008-B11,36.03,LIB-MX008_run2-B11,LIB0008 run2 (Index D),3.4,,sample,D,,#N/A
ID1617,EXT00008,B,12,EXT-MX008-B12,83.13,LIB-MX008_run2-B12,LIB0008 run2 (Index D),4.6,,sample,D,,#N/A
ID1653,EXT00008,C,1,EXT-MX008-C1,23.02,LIB-MX008_run2-C1,LIB0008 run2 (Index D),4.8,,sample,D,,#N/A
ID1628,EXT00008,C,2,EXT-MX008-C2,61.48,LIB-MX008_run2-C2,LIB0008 run2 (Index D),3.2,,sample,D,,#N/A
NA,EXT00008,C,3,EXT-MX008-C3,0,LIB-MX008_run2-C3,LIB0008 run2 (Index D),0.0,,control,D,,#N/A
ID1943,EXT00008,C,4,EXT-MX008-C4,42.01,LIB-MX008_run2-C4,LIB0008 run2 (Index D),1.4,,sample,D,,#N/A
ID3017,EXT00008,C,5,EXT-MX008-C5,81.84,LIB-MX008_run2-C5,LIB0008 run2 (Index D),2.7,,sample,D,,#N/A
ID1480,EXT00008,C,6,EXT-MX008-C6,46.55,LIB-MX008_run2-C6,LIB0008 run2 (Index D),2.1,,sample,D,,#N/A
ID1654,EXT00008,C,7,EXT-MX008-C7,843.46,LIB-MX008_run2-C7,LIB0008 run2 (Index D),4.5,,sample,D,,#N/A
ID1465,EXT00008,C,8,EXT-MX008-C8,37.02,LIB-MX008_run2-C8,LIB0008 run2 (Index D),2.0,,sample,D,,#N/A
ID1356,EXT00008,C,9,EXT-MX008-C9,577.08,LIB-MX008_run2-C9,LIB0008 run2 (Index D),3.8,,sample,D,,#N/A
NA,EXT00008,C,10,EXT-MX008-C10,0,LIB-MX008_run2-C10,LIB0008 run2 (Index D),0.0,,control,D,,#N/A
ID1756,EXT00008,C,11,EXT-MX008-C11,1.02,LIB-MX008_run2-C11,LIB0008 run2 (Index D),7.2,,sample,D,,#N/A
ID1431,EXT00008,C,12,EXT-MX008-C12,30.69,LIB-MX008_run2-C12,LIB0008 run2 (Index D),2.5,,sample,D,,#N/A
ID1946,EXT00008,D,1,EXT-MX008-D1,14.34,LIB-MX008_run2-D1,LIB0008 run2 (Index D),14.1,,sample,D,,#N/A
ID1458,EXT00008,D,2,EXT-MX008-D2,67,LIB-MX008_run2-D2,LIB0008 run2 (Index D),2.7,,sample,D,,#N/A
ID3335,EXT00008,D,3,EXT-MX008-D3,72.06,LIB-MX008_run2-D3,LIB0008 run2 (Index D),6.3,,sample,D,,#N/A
ID3336,EXT00008,D,4,EXT-MX008-D4,1257.95,LIB-MX008_run2-D4,LIB0008 run2 (Index D),4.5,,sample,D,,#N/A
ID3137,EXT00008,D,5,EXT-MX008-D5,41.18,LIB-MX008_run2-D5,LIB0008 run2 (Index D),2.8,,sample,D,,#N/A
ID1579,EXT00008,D,6,EXT-MX008-D6,59.86,LIB-MX008_run2-D6,LIB0008 run2 (Index D),3.0,,sample,D,,#N/A
ID3313,EXT00008,D,7,EXT-MX008-D7,78.73,LIB-MX008_run2-D7,LIB0008 run2 (Index D),3.1,,sample,D,,#N/A
ID1522,EXT00008,D,8,EXT-MX008-D8,49.27,LIB-MX008_run2-D8,LIB0008 run2 (Index D),3.9,,sample,D,,#N/A
ID1005,EXT00008,D,9,EXT-MX008-D9,81.22,LIB-MX008_run2-D9,LIB0008 run2 (Index D),5.2,,sample,D,,#N/A
ID3208,EXT00008,D,10,EXT-MX008-D10,83.85,LIB-MX008_run2-D10,LIB0008 run2 (Index D),3.7,,sample,D,,#N/A
ID3252,EXT00008,D,11,EXT-MX008-D11,43.5,LIB-MX008_run2-D11,LIB0008 run2 (Index D),6.9,,sample,D,,#N/A
NA,EXT00008,D,12,EXT-MX008-D12,12.56,LIB-MX008_run2-D12,LIB0008 run2 (Index D),16.3,,control,D,,#N/A
ID3306,EXT00008,E,1,EXT-MX008-E1,51.57,LIB-MX008_run2-E1,LIB0008 run2 (Index D),8.5,,sample,D,,#N/A
ID1929,EXT00008,E,2,EXT-MX008-E2,2.13,LIB-MX008_run2-E2,LIB0008 run2 (Index D),9.7,,sample,D,,#N/A
ID1520,EXT00008,E,3,EXT-MX008-E3,773.65,LIB-MX008_run2-E3,LIB0008 run2 (Index D),3.4,,sample,D,,#N/A
ID1861,EXT00008,E,4,EXT-MX008-E4,66.09,LIB-MX008_run2-E4,LIB0008 run2 (Index D),0.0,x,sample,D,lowyield,selected
ID1885,EXT00008,E,5,EXT-MX008-E5,1440.51,LIB-MX008_run2-E5,LIB0008 run2 (Index D),5.2,,sample,D,,#N/A
ID1351,EXT00008,E,6,EXT-MX008-E6,636.09,LIB-MX008_run2-E6,LIB0008 run2 (Index D),0.8,x,sample,D,lowyield,#N/A
ID1927,EXT00008,E,7,EXT-MX008-E7,395.21,LIB-MX008_run2-E7,LIB0008 run2 (Index D),3.2,,sample,D,,#N/A
ID1017,EXT00008,E,8,EXT-MX008-E8,84.91,LIB-MX008_run2-E8,LIB0008 run2 (Index D),3.1,,sample,D,,#N/A
ID1162,EXT00008,E,9,EXT-MX008-E9,84.69,LIB-MX008_run2-E9,LIB0008 run2 (Index D),2.0,,sample,D,,#N/A
ID1365,EXT00008,E,10,EXT-MX008-E10,83.33,LIB-MX008_run2-E10,LIB0008 run2 (Index D),0.0,x,sample,D,lowyield,selected
ID1542,EXT00008,E,11,EXT-MX008-E11,83.94,LIB-MX008_run2-E11,LIB0008 run2 (Index D),6.3,,sample,D,,#N/A
ID1652,EXT00008,F,1,EXT-MX008-F1,22.01,LIB-MX008_run2-F1,LIB0008 run2 (Index D),4.9,,sample,D,,#N/A
ID1008,EXT00008,F,2,EXT-MX008-F2,29.54,LIB-MX008_run2-F2,LIB0008 run2 (Index D),16.9,,sample,D,,#N/A
NA,EXT00008,F,3,EXT-MX008-F3,0,LIB-MX008_run2-F3,LIB0008 run2 (Index D),0.0,,control,D,,#N/A
ID1135,EXT00008,F,4,EXT-MX008-F4,0,LIB-MX008_run2-F4,LIB0008 run2 (Index D),0.1,x,sample,D,lowyield,#N/A
ID1013,EXT00008,F,5,EXT-MX008-F5,620.25,LIB-MX008_run2-F5,LIB0008 run2 (Index D),3.7,,sample,D,,#N/A
ID3175,EXT00008,F,6,EXT-MX008-F6,1238.66,LIB-MX008_run2-F6,LIB0008 run2 (Index D),5.1,,sample,D,,#N/A
ID3175,EXT00008,F,6,EXT-MX008-F6,1238.66,LIB-MX008_run2-F6,LIB0008 run2 (Index D),5.1,,sample,D,,#N/A
ID1014,EXT00008,F,7,EXT-MX008-F7,509.33,LIB-MX008_run2-F7,LIB0008 run2 (Index D),3.6,,sample,D,,#N/A
ID1029,EXT00008,F,8,EXT-MX008-F8,21.56,LIB-MX008_run2-F8,LIB0008 run2 (Index D),2.1,,sample,D,,#N/A
ID3039,EXT00008,F,9,EXT-MX008-F9,58.68,LIB-MX008_run2-F9,LIB0008 run2 (Index D),4.9,,sample,D,,#N/A
NA,EXT00008,F,10,EXT-MX008-F10,0,LIB-MX008_run2-F10,LIB0008 run2 (Index D),0.0,,control,D,,#N/A
ID1919,EXT00008,F,11,EXT-MX008-F11,48.13,LIB-MX008_run2-F11,LIB0008 run2 (Index D),4.1,,sample,D,,#N/A
ID1600,EXT00008,G,1,EXT-MX008-G1,44.35,LIB-MX008_run2-G1,LIB0008 run2 (Index D),6.0,,sample,D,,#N/A
ID1378,EXT00008,G,2,EXT-MX008-G2,36.37,LIB-MX008_run2-G2,LIB0008 run2 (Index D),4.5,,sample,D,,#N/A
ID1001,EXT00008,G,3,EXT-MX008-G3,82.34,LIB-MX008_run2-G3,LIB0008 run2 (Index D),27.5,,sample,D,,#N/A
ID1273,EXT00008,G,4,EXT-MX008-G4,28.44,LIB-MX008_run2-G4,LIB0008 run2 (Index D),0.0,x,sample,D,lowyield,selected
ID1416,EXT00008,G,5,EXT-MX008-G5,35.89,LIB-MX008_run2-G5,LIB0008 run2 (Index D),4.1,,sample,D,,#N/A
ID1737,EXT00008,G,6,EXT-MX008-G6,52.24,LIB-MX008_run2-G6,LIB0008 run2 (Index D),4.1,,sample,D,,#N/A
ID3181,EXT00008,G,7,EXT-MX008-G7,4.74,LIB-MX008_run2-G7,LIB0008 run2 (Index D),3.2,,sample,D,,#N/A
ID1498,EXT00008,G,8,EXT-MX008-G8,35,LIB-MX008_run2-G8,LIB0008 run2 (Index D),3.8,,sample,D,,#N/A
ID1409,EXT00008,G,9,EXT-MX008-G9,57.5,LIB-MX008_run2-G9,LIB0008 run2 (Index D),3.9,,sample,D,,#N/A
ID1515,EXT00008,G,10,EXT-MX008-G10,0.02,LIB-MX008_run2-G10,LIB0008 run2 (Index D),0.1,x,sample,D,lowyield,#N/A
ID1612,EXT00008,G,11,EXT-MX008-G11,29.92,LIB-MX008_run2-G11,LIB0008 run2 (Index D),3.2,,sample,D,,#N/A
ID1712,EXT00008,H,1,EXT-MX008-H1,34.31,LIB-MX008_run2-H1,LIB0008 run2 (Index D),3.8,,sample,D,,#N/A
ID3217,EXT00008,H,2,EXT-MX008-H2,45.39,LIB-MX008_run2-H2,LIB0008 run2 (Index D),7.3,,sample,D,,#N/A
ID1959,EXT00008,H,3,EXT-MX008-H3,70.63,LIB-MX008_run2-H3,LIB0008 run2 (Index D),6.4,,sample,D,,#N/A
ID3343,EXT00008,H,4,EXT-MX008-H4,17.88,LIB-MX008_run2-H4,LIB0008 run2 (Index D),2.5,,sample,D,,#N/A
ID1096,EXT00008,H,5,EXT-MX008-H5,2.07,LIB-MX008_run2-H5,LIB0008 run2 (Index D),5.8,,sample,D,,#N/A
ID1041,EXT00008,H,6,EXT-MX008-H6,45.09,LIB-MX008_run2-H6,LIB0008 run2 (Index D),0.3,x,sample,D,lowyield,selected
ID1245,EXT00008,H,7,EXT-MX008-H7,78.71,LIB-MX008_run2-H7,LIB0008 run2 (Index D),2.4,,sample,D,,#N/A
ID3194,EXT00008,H,8,EXT-MX008-H8,45.18,LIB-MX008_run2-H8,LIB0008 run2 (Index D),4.4,,sample,D,,#N/A
ID1259,EXT00008,H,9,EXT-MX008-H9,69.7,LIB-MX008_run2-H9,LIB0008 run2 (Index D),4.5,,sample,D,,#N/A
ID1328,EXT00008,H,10,EXT-MX008-H10,61.59,LIB-MX008_run2-H10,LIB0008 run2 (Index D),4.2,,sample,D,,#N/A
ID1998,EXT00008,H,11,EXT-MX008-H11,52.73,LIB-MX008_run2-H11,LIB0008 run2 (Index D),3.1,,sample,D,,#N/A
ID1598,EXT00009,A,1,EXT-MX009-A1,63.54,LIB-MX009-A1,LIB0009_run2 (Index A),4.8,,sample,A,,#N/A
ID1376,EXT00009,A,2,EXT-MX009-A2,31.06,LIB-MX009-A2,LIB0009_run2 (Index A),5.5,,sample,A,,#N/A
ID1586,EXT00009,A,3,EXT-MX009-A3,383.49,LIB-MX009-A3,LIB0009_run2 (Index A),13.2,,sample,A,,#N/A
ID1024,EXT00009,A,4,EXT-MX009-A4,41.86,LIB-MX009-A4,LIB0009_run2 (Index A),6.1,,sample,A,,#N/A
ID3111,EXT00009,A,5,EXT-MX009-A5,48.54,LIB-MX009-A5,LIB0009_run2 (Index A),6.7,,sample,A,,#N/A
ID1048,EXT00009,A,6,EXT-MX009-A6,26.2,LIB-MX009-A6,LIB0009_run2 (Index A),7.3,,sample,A,,#N/A
ID3275,EXT00009,A,7,EXT-MX009-A7,36.09,LIB-MX009-A7,LIB0009_run2 (Index A),4.2,,sample,A,,#N/A
ID1350,EXT00009,A,8,EXT-MX009-A8,82.54,LIB-MX009-A8,LIB0009_run2 (Index A),3.9,,sample,A,,#N/A
ID1002,EXT00009,A,9,EXT-MX009-A9,20.41,LIB-MX009-A9,LIB0009_run2 (Index A),10.7,,sample,A,,#N/A
ID3216,EXT00009,A,10,EXT-MX009-A10,16.38,LIB-MX009-A10,LIB0009_run2 (Index A),5.2,,sample,A,,#N/A
ID1609,EXT00009,A,11,EXT-MX009-A11,60.25,LIB-MX009-A11,LIB0009_run2 (Index A),6.3,,sample,A,,#N/A
ID1775,EXT00009,A,12,EXT-MX009-A12,82.61,LIB-MX009-A12,LIB0009_run2 (Index A),4.4,,sample,A,,#N/A
ID1983,EXT00009,B,1,EXT-MX009-B1,36.63,LIB-MX009-B1,LIB0009_run2 (Index A),5.2,,sample,A,,#N/A
ID2000,EXT00009,B,2,EXT-MX009-B2,46.99,LIB-MX009-B2,LIB0009_run2 (Index A),8.0,,sample,A,,#N/A
ID3119,EXT00009,B,3,EXT-MX009-B3,53.66,LIB-MX009-B3,LIB0009_run2 (Index A),6.1,,sample,A,,#N/A
ID1037,EXT00009,B,4,EXT-MX009-B4,75.3,LIB-MX009-B4,LIB0009_run2 (Index A),4.4,,sample,A,,#N/A
ID1383,EXT00009,B,5,EXT-MX009-B5,59.18,LIB-MX009-B5,LIB0009_run2 (Index A),6.7,,sample,A,,#N/A
ID3150,EXT00009,B,6,EXT-MX009-B6,61.91,LIB-MX009-B6,LIB0009_run2 (Index A),4.6,,sample,A,,#N/A
ID3234,EXT00009,B,7,EXT-MX009-B7,46.72,LIB-MX009-B7,LIB0009_run2 (Index A),6.8,,sample,A,,#N/A
ID1497,EXT00009,B,8,EXT-MX009-B8,26.93,LIB-MX009-B8,LIB0009_run2 (Index A),4.1,,sample,A,,#N/A
ID3223,EXT00009,B,9,EXT-MX009-B9,29.87,LIB-MX009-B9,LIB0009_run2 (Index A),7.9,,sample,A,,#N/A
ID1551,EXT00009,B,10,EXT-MX009-B10,565.83,LIB-MX009-B10,LIB0009_run2 (Index A),7.9,,sample,A,,#N/A
ID1364,EXT00009,B,11,EXT-MX009-B11,31.99,LIB-MX009-B11,LIB0009_run2 (Index A),4.8,,sample,A,,#N/A
ID1236,EXT00009,B,12,EXT-MX009-B12,36.3,LIB-MX009-B12,LIB0009_run2 (Index A),4.8,,sample,A,,#N/A
ID3050,EXT00009,C,1,EXT-MX009-C1,33.57,LIB-MX009-C1,LIB0009_run2 (Index A),4.4,,sample,A,,#N/A
ID3322,EXT00009,C,2,EXT-MX009-C2,43.25,LIB-MX009-C2,LIB0009_run2 (Index A),8.5,,sample,A,,#N/A
NA,EXT00009,C,3,EXT-MX009-C3,0,LIB-MX009-C3,LIB0009_run2 (Index A),0.0,,control,A,,#N/A
ID1949,EXT00009,C,4,EXT-MX009-C4,44.76,LIB-MX009-C4,LIB0009_run2 (Index A),5.7,,sample,A,,#N/A
ID3167,EXT00009,C,5,EXT-MX009-C5,38.8,LIB-MX009-C5,LIB0009_run2 (Index A),3.7,,sample,A,,#N/A
ID1500,EXT00009,C,6,EXT-MX009-C6,67.86,LIB-MX009-C6,LIB0009_run2 (Index A),6.4,,sample,A,,#N/A
ID1420,EXT00009,C,7,EXT-MX009-C7,64.79,LIB-MX009-C7,LIB0009_run2 (Index A),5.1,,sample,A,,#N/A
ID3220,EXT00009,C,8,EXT-MX009-C8,3112.96,LIB-MX009-C8,LIB0009_run2 (Index A),5.6,,sample,A,,#N/A
ID1271,EXT00009,C,9,EXT-MX009-C9,28.23,LIB-MX009-C9,LIB0009_run2 (Index A),6.5,,sample,A,,#N/A
NA,EXT00009,C,10,EXT-MX009-C10,0,LIB-MX009-C10,LIB0009_run2 (Index A),0.0,,control,A,,#N/A
ID1034,EXT00009,C,11,EXT-MX009-C11,47.04,LIB-MX009-C11,LIB0009_run2 (Index A),5.3,,sample,A,,#N/A
ID1102,EXT00009,C,12,EXT-MX009-C12,194.73,LIB-MX009-C12,LIB0009_run2 (Index A),0.0,x,sample,A,lowyield,selected
ID1058,EXT00009,D,1,EXT-MX009-D1,622.78,LIB-MX009-D1,LIB0009_run2 (Index A),6.3,,sample,A,,#N/A
ID1691,EXT00009,D,2,EXT-MX009-D2,60.01,LIB-MX009-D2,LIB0009_run2 (Index A),7.8,,sample,A,,#N/A
ID1042,EXT00009,D,3,EXT-MX009-D3,9.2,LIB-MX009-D3,LIB0009_run2 (Index A),8.2,,sample,A,,#N/A
ID1971,EXT00009,D,4,EXT-MX009-D4,19.17,LIB-MX009-D4,LIB0009_run2 (Index A),6.5,,sample,A,,#N/A
ID1747,EXT00009,D,5,EXT-MX009-D5,81,LIB-MX009-D5,LIB0009_run2 (Index A),2.6,,sample,A,,#N/A
ID1511,EXT00009,D,6,EXT-MX009-D6,70.03,LIB-MX009-D6,LIB0009_run2 (Index A),3.7,,sample,A,,#N/A
ID1915,EXT00009,D,7,EXT-MX009-D7,1581.51,LIB-MX009-D7,LIB0009_run2 (Index A),6.2,,sample,A,,#N/A
ID1374,EXT00009,D,8,EXT-MX009-D8,60.61,LIB-MX009-D8,LIB0009_run2 (Index A),6.2,,sample,A,,#N/A
ID1106,EXT00009,D,9,EXT-MX009-D9,85.56,LIB-MX009-D9,LIB0009_run2 (Index A),5.5,,sample,A,,#N/A
ID1359,EXT00009,D,10,EXT-MX009-D10,60,LIB-MX009-D10,LIB0009_run2 (Index A),5.7,,sample,A,,#N/A
ID3172,EXT00009,D,11,EXT-MX009-D11,58.63,LIB-MX009-D11,LIB0009_run2 (Index A),6.9,,sample,A,,#N/A
NA,EXT00009,D,12,EXT-MX009-D12,31.66,LIB-MX009-D12,LIB0009_run2 (Index A),4.2,,control,A,,#N/A
ID3173,EXT00009,E,1,EXT-MX009-E1,85.22,LIB-MX009-E1,LIB0009_run2 (Index A),4.5,,sample,A,,#N/A
ID1424,EXT00009,E,2,EXT-MX009-E2,78.8,LIB-MX009-E2,LIB0009_run2 (Index A),9.5,,sample,A,,#N/A
ID1334,EXT00009,E,3,EXT-MX009-E3,63.57,LIB-MX009-E3,LIB0009_run2 (Index A),7.6,,sample,A,,#N/A
ID3356,EXT00009,E,4,EXT-MX009-E4,1517.21,LIB-MX009-E4,LIB0009_run2 (Index A),8.2,,sample,A,,#N/A
ID1045,EXT00009,E,5,EXT-MX009-E5,40.65,LIB-MX009-E5,LIB0009_run2 (Index A),5.3,,sample,A,,#N/A
ID3130,EXT00009,E,6,EXT-MX009-E6,30.69,LIB-MX009-E6,LIB0009_run2 (Index A),10.9,,sample,A,,#N/A
ID1587,EXT00009,E,7,EXT-MX009-E7,52.41,LIB-MX009-E7,LIB0009_run2 (Index A),4.5,,sample,A,,#N/A
ID1000,EXT00009,E,8,EXT-MX009-E8,17.6,LIB-MX009-E8,LIB0009_run2 (Index A),7.0,,sample,A,,#N/A
ID3134,EXT00009,E,9,EXT-MX009-E9,1039.8,LIB-MX009-E9,LIB0009_run2 (Index A),6.2,,sample,A,,#N/A
ID3099,EXT00009,E,10,EXT-MX009-E10,65.5,LIB-MX009-E10,LIB0009_run2 (Index A),7.6,,sample,A,,#N/A
ID3176,EXT00009,E,11,EXT-MX009-E11,60.41,LIB-MX009-E11,LIB0009_run2 (Index A),5.9,,sample,A,,#N/A
ID1647,EXT00009,F,1,EXT-MX009-F1,64.37,LIB-MX009-F1,LIB0009_run2 (Index A),9.0,,sample,A,,#N/A
ID1972,EXT00009,F,2,EXT-MX009-F2,42.53,LIB-MX009-F2,LIB0009_run2 (Index A),0.0,x,sample,A,lowyield,selected
NA,EXT00009,F,3,EXT-MX009-F3,0,LIB-MX009-F3,LIB0009_run2 (Index A),0.0,,control,A,,#N/A
ID3358,EXT00009,F,4,EXT-MX009-F4,26.38,LIB-MX009-F4,LIB0009_run2 (Index A),0.0,x,sample,A,lowyield,selected
ID3361,EXT00009,F,5,EXT-MX009-F5,64.59,LIB-MX009-F5,LIB0009_run2 (Index A),0.0,x,sample,A,lowyield,selected
ID1451,EXT00009,F,6,EXT-MX009-F6,28.15,LIB-MX009-F6,LIB0009_run2 (Index A),0.0,x,sample,A,lowyield,selected
ID3094,EXT00009,F,7,EXT-MX009-F7,14.13,LIB-MX009-F7,LIB0009_run2 (Index A),0.0,x,sample,A,lowyield,selected
ID1285,EXT00009,F,8,EXT-MX009-F8,28.27,LIB-MX009-F8,LIB0009_run2 (Index A),0.0,x,sample,A,lowyield,selected
ID3333,EXT00009,F,9,EXT-MX009-F9,63.88,LIB-MX009-F9,LIB0009_run2 (Index A),0.0,x,sample,A,lowyield,selected
NA,EXT00009,F,10,EXT-MX009-F10,0,LIB-MX009-F10,LIB0009_run2 (Index A),0.0,,control,A,,#N/A
ID3188,EXT00009,F,11,EXT-MX009-F11,53.64,LIB-MX009-F11,LIB0009_run2 (Index A),0.0,x,sample,A,lowyield,selected
ID1348,EXT00009,G,1,EXT-MX009-G1,839.09,LIB-MX009-G1,LIB0009_run2 (Index A),5.1,,sample,A,,#N/A
ID3206,EXT00009,G,2,EXT-MX009-G2,37.35,LIB-MX009-G2,LIB0009_run2 (Index A),5.2,,sample,A,,#N/A
ID1377,EXT00009,G,3,EXT-MX009-G3,68.39,LIB-MX009-G3,LIB0009_run2 (Index A),6.5,,sample,A,,#N/A
ID1297,EXT00009,G,4,EXT-MX009-G4,73.91,LIB-MX009-G4,LIB0009_run2 (Index A),0.0,x,sample,A,lowyield,selected
ID1084,EXT00009,G,5,EXT-MX009-G5,48.33,LIB-MX009-G5,LIB0009_run2 (Index A),4.3,,sample,A,,#N/A
ID1477,EXT00009,G,6,EXT-MX009-G6,68.63,LIB-MX009-G6,LIB0009_run2 (Index A),8.0,,sample,A,,#N/A
ID1232,EXT00009,G,7,EXT-MX009-G7,21.59,LIB-MX009-G7,LIB0009_run2 (Index A),4.1,,sample,A,,#N/A
ID1246,EXT00009,G,8,EXT-MX009-G8,2032.29,LIB-MX009-G8,LIB0009_run2 (Index A),11.5,,sample,A,,#N/A
ID1419,EXT00009,G,9,EXT-MX009-G9,59.46,LIB-MX009-G9,LIB0009_run2 (Index A),5.9,,sample,A,,#N/A
ID1385,EXT00009,G,10,EXT-MX009-G10,33.39,LIB-MX009-G10,LIB0009_run2 (Index A),4.5,,sample,A,,#N/A
ID1754,EXT00009,G,11,EXT-MX009-G11,0.82,LIB-MX009-G11,LIB0009_run2 (Index A),7.5,,sample,A,,#N/A
ID1833,EXT00009,H,1,EXT-MX009-H1,15.87,LIB-MX009-H1,LIB0009_run2 (Index A),8.6,,sample,A,,#N/A
ID1645,EXT00009,H,2,EXT-MX009-H2,25.09,LIB-MX009-H2,LIB0009_run2 (Index A),7.4,,sample,A,,#N/A
ID1417,EXT00009,H,3,EXT-MX009-H3,75.03,LIB-MX009-H3,LIB0009_run2 (Index A),11.6,,sample,A,,#N/A
ID1469,EXT00009,H,4,EXT-MX009-H4,40.79,LIB-MX009-H4,LIB0009_run2 (Index A),9.0,,sample,A,,#N/A
ID3040,EXT00009,H,5,EXT-MX009-H5,76.71,LIB-MX009-H5,LIB0009_run2 (Index A),17.8,,sample,A,,#N/A
ID1039,EXT00009,H,6,EXT-MX009-H6,15.69,LIB-MX009-H6,LIB0009_run2 (Index A),10.3,,sample,A,,#N/A
ID1632,EXT00009,H,7,EXT-MX009-H7,35.21,LIB-MX009-H7,LIB0009_run2 (Index A),7.2,,sample,A,,#N/A
ID1440,EXT00009,H,8,EXT-MX009-H8,2216.23,LIB-MX009-H8,LIB0009_run2 (Index A),8.6,,sample,A,,#N/A
ID1473,EXT00009,H,9,EXT-MX009-H9,55.74,LIB-MX009-H9,LIB0009_run2 (Index A),7.3,,sample,A,,#N/A
ID3141,EXT00009,H,10,EXT-MX009-H10,83.65,LIB-MX009-H10,LIB0009_run2 (Index A),9.2,,sample,A,,#N/A
ID3269,EXT00009,H,11,EXT-MX009-H11,69.51,LIB-MX009-H11,LIB0009_run2 (Index A),8.7,,sample,A,,#N/A
ID1559,EXT00010,A,1,EXT-MX010-A1,62.61,LIB-MX010-A1,LIB00010 (Index B),0.3,x,sample,B,lowyield,selected
ID1345,EXT00010,A,2,EXT-MX010-A2,64.13,LIB-MX010-A2,LIB00010 (Index B),0.2,x,sample,B,lowyield,selected
ID1115,EXT00010,A,3,EXT-MX010-A3,59.93,LIB-MX010-A3,LIB00010 (Index B),8.4,,sample,B,,#N/A
ID1892,EXT00010,A,4,EXT-MX010-A4,57.09,LIB-MX010-A4,LIB00010 (Index B),18.3,,sample,B,,#N/A
ID1218,EXT00010,A,5,EXT-MX010-A5,61.77,LIB-MX010-A5,LIB00010 (Index B),8.3,,sample,B,,#N/A
ID3187,EXT00010,A,6,EXT-MX010-A6,44.65,LIB-MX010-A6,LIB00010 (Index B),8.7,,sample,B,,#N/A
ID1541,EXT00010,A,7,EXT-MX010-A7,63.47,LIB-MX010-A7,LIB00010 (Index B),10.5,,sample,B,,#N/A
ID1222,EXT00010,A,8,EXT-MX010-A8,48.39,LIB-MX010-A8,LIB00010 (Index B),8.3,,sample,B,,#N/A
ID1217,EXT00010,A,9,EXT-MX010-A9,44.38,LIB-MX010-A9,LIB00010 (Index B),11.5,,sample,B,,#N/A
ID1282,EXT00010,A,10,EXT-MX010-A10,31.25,LIB-MX010-A10,LIB00010 (Index B),7.9,,sample,B,,#N/A
ID1432,EXT00010,A,11,EXT-MX010-A11,53.55,LIB-MX010-A11,LIB00010 (Index B),7.9,,sample,B,,#N/A
ID3288,EXT00010,A,12,EXT-MX010-A12,72.07,LIB-MX010-A12,LIB00010 (Index B),1.0,,sample,B,,#N/A
ID1366,EXT00010,B,1,EXT-MX010-B1,67.5,LIB-MX010-B1,LIB00010 (Index B),0.5,x,sample,B,lowyield,selected
ID1069,EXT00010,B,2,EXT-MX010-B2,49.24,LIB-MX010-B2,LIB00010 (Index B),8.0,,sample,B,,#N/A
ID1441,EXT00010,B,3,EXT-MX010-B3,27.08,LIB-MX010-B3,LIB00010 (Index B),6.4,,sample,B,,#N/A
ID1235,EXT00010,B,4,EXT-MX010-B4,59.64,LIB-MX010-B4,LIB00010 (Index B),9.5,,sample,B,,#N/A
ID1373,EXT00010,B,5,EXT-MX010-B5,57.19,LIB-MX010-B5,LIB00010 (Index B),7.9,,sample,B,,#N/A
ID1905,EXT00010,B,6,EXT-MX010-B6,45.02,LIB-MX010-B6,LIB00010 (Index B),14.6,,sample,B,,#N/A
ID1289,EXT00010,B,7,EXT-MX010-B7,61.89,LIB-MX010-B7,LIB00010 (Index B),8.3,,sample,B,,#N/A
ID3303,EXT00010,B,8,EXT-MX010-B8,59.01,LIB-MX010-B8,LIB00010 (Index B),9.3,,sample,B,,#N/A
ID1363,EXT00010,B,9,EXT-MX010-B9,47.85,LIB-MX010-B9,LIB00010 (Index B),15.6,,sample,B,,#N/A
ID1116,EXT00010,B,10,EXT-MX010-B10,34.82,LIB-MX010-B10,LIB00010 (Index B),8.8,,sample,B,,#N/A
ID3263,EXT00010,B,11,EXT-MX010-B11,55.17,LIB-MX010-B11,LIB00010 (Index B),6.4,,sample,B,,#N/A
ID1357,EXT00010,B,12,EXT-MX010-B12,38.83,LIB-MX010-B12,LIB00010 (Index B),0.1,x,sample,B,lowyield,selected
ID3345,EXT00010,C,1,EXT-MX010-C1,33.36,LIB-MX010-C1,LIB00010 (Index B),16.1,,sample,B,,#N/A
ID1089,EXT00010,C,2,EXT-MX010-C2,48.08,LIB-MX010-C2,LIB00010 (Index B),13.7,,sample,B,,#N/A
NA,EXT00010,C,3,EXT-MX010-C3,0.01,LIB-MX010-C3,LIB00010 (Index B),0.0,,control,B,,#N/A
ID1904,EXT00010,C,4,EXT-MX010-C4,53.56,LIB-MX010-C4,LIB00010 (Index B),9.0,,sample,B,,#N/A
ID1567,EXT00010,C,5,EXT-MX010-C5,72.28,LIB-MX010-C5,LIB00010 (Index B),9.4,,sample,B,,#N/A
ID1873,EXT00010,C,6,EXT-MX010-C6,44.32,LIB-MX010-C6,LIB00010 (Index B),9.9,,sample,B,,#N/A
ID1546,EXT00010,C,7,EXT-MX010-C7,54.88,LIB-MX010-C7,LIB00010 (Index B),7.7,,sample,B,,#N/A
ID1664,EXT00010,C,8,EXT-MX010-C8,21.07,LIB-MX010-C8,LIB00010 (Index B),12.8,,sample,B,,#N/A
ID1392,EXT00010,C,9,EXT-MX010-C9,51.32,LIB-MX010-C9,LIB00010 (Index B),8.8,,sample,B,,#N/A
NA,EXT00010,C,10,EXT-MX010-C10,0,LIB-MX010-C10,LIB00010 (Index B),0.0,,control,B,,#N/A
ID3083,EXT00010,C,11,EXT-MX010-C11,52.98,LIB-MX010-C11,LIB00010 (Index B),12.1,,sample,B,,#N/A
ID1841,EXT00010,C,12,EXT-MX010-C12,4.65,LIB-MX010-C12,LIB00010 (Index B),9.1,,sample,B,,#N/A
ID3170,EXT00010,D,1,EXT-MX010-D1,61.43,LIB-MX010-D1,LIB00010 (Index B),2.4,,sample,B,,#N/A
ID1278,EXT00010,D,2,EXT-MX010-D2,44.57,LIB-MX010-D2,LIB00010 (Index B),1.3,,sample,B,,#N/A
ID1723,EXT00010,D,3,EXT-MX010-D3,51.72,LIB-MX010-D3,LIB00010 (Index B),14.1,,sample,B,,#N/A
ID1169,EXT00010,D,4,EXT-MX010-D4,31.99,LIB-MX010-D4,LIB00010 (Index B),11.3,,sample,B,,#N/A
ID1911,EXT00010,D,5,EXT-MX010-D5,49.03,LIB-MX010-D5,LIB00010 (Index B),10.1,,sample,B,,#N/A
ID3324,EXT00010,D,6,EXT-MX010-D6,54.6,LIB-MX010-D6,LIB00010 (Index B),11.5,,sample,B,,#N/A
ID3307,EXT00010,D,7,EXT-MX010-D7,72.34,LIB-MX010-D7,LIB00010 (Index B),8.1,,sample,B,,#N/A
ID1562,EXT00010,D,8,EXT-MX010-D8,29.93,LIB-MX010-D8,LIB00010 (Index B),9.8,,sample,B,,#N/A
ID1221,EXT00010,D,9,EXT-MX010-D9,41.96,LIB-MX010-D9,LIB00010 (Index B),8.0,,sample,B,,#N/A
ID1533,EXT00010,D,10,EXT-MX010-D10,39.56,LIB-MX010-D10,LIB00010 (Index B),7.4,,sample,B,,#N/A
ID3315,EXT00010,D,11,EXT-MX010-D11,51.42,LIB-MX010-D11,LIB00010 (Index B),15.8,,sample,B,,#N/A
NA,EXT00010,D,12,EXT-MX010-D12,11.05,LIB-MX010-D12,LIB00010 (Index B),9.2,,control,B,,#N/A
ID3295,EXT00010,E,1,EXT-MX010-E1,42.71,LIB-MX010-E1,LIB00010 (Index B),0.8,x,sample,B,lowyield,#N/A
ID3388,EXT00010,E,2,EXT-MX010-E2,51.58,LIB-MX010-E2,LIB00010 (Index B),6.3,,sample,B,,#N/A
ID1622,EXT00010,E,3,EXT-MX010-E3,48.15,LIB-MX010-E3,LIB00010 (Index B),10.8,,sample,B,,#N/A
ID1474,EXT00010,E,4,EXT-MX010-E4,45.57,LIB-MX010-E4,LIB00010 (Index B),0.2,x,sample,B,lowyield,selected
ID1361,EXT00010,E,5,EXT-MX010-E5,25.17,LIB-MX010-E5,LIB00010 (Index B),10.5,,sample,B,,#N/A
ID1906,EXT00010,E,6,EXT-MX010-E6,27,LIB-MX010-E6,LIB00010 (Index B),19.8,,sample,B,,#N/A
ID1120,EXT00010,E,7,EXT-MX010-E7,60.02,LIB-MX010-E7,LIB00010 (Index B),9.4,,sample,B,,#N/A
ID1147,EXT00010,E,8,EXT-MX010-E8,54.99,LIB-MX010-E8,LIB00010 (Index B),8.7,,sample,B,,#N/A
ID1982,EXT00010,E,9,EXT-MX010-E9,49.48,LIB-MX010-E9,LIB00010 (Index B),10.0,,sample,B,,#N/A
ID1219,EXT00010,E,10,EXT-MX010-E10,44.73,LIB-MX010-E10,LIB00010 (Index B),9.1,,sample,B,,#N/A
ID3178,EXT00010,E,11,EXT-MX010-E11,65.13,LIB-MX010-E11,LIB00010 (Index B),9.4,,sample,B,,#N/A
ID1887,EXT00010,F,1,EXT-MX010-F1,58.38,LIB-MX010-F1,LIB00010 (Index B),8.2,,sample,B,,#N/A
ID1127,EXT00010,F,2,EXT-MX010-F2,54.19,LIB-MX010-F2,LIB00010 (Index B),9.3,,sample,B,,#N/A
NA,EXT00010,F,3,EXT-MX010-F3,0.01,LIB-MX010-F3,LIB00010 (Index B),0.2,,control,B,,#N/A
ID1630,EXT00010,F,4,EXT-MX010-F4,41.1,LIB-MX010-F4,LIB00010 (Index B),9.8,,sample,B,,#N/A
ID1454,EXT00010,F,5,EXT-MX010-F5,57.05,LIB-MX010-F5,LIB00010 (Index B),26.0,,sample,B,,#N/A
ID1111,EXT00010,F,6,EXT-MX010-F6,52.63,LIB-MX010-F6,LIB00010 (Index B),8.0,,sample,B,,#N/A
ID1544,EXT00010,F,7,EXT-MX010-F7,71.14,LIB-MX010-F7,LIB00010 (Index B),13.6,,sample,B,,#N/A
ID1275,EXT00010,F,8,EXT-MX010-F8,59.56,LIB-MX010-F8,LIB00010 (Index B),10.7,,sample,B,,#N/A
ID3202,EXT00010,F,9,EXT-MX010-F9,49.03,LIB-MX010-F9,LIB00010 (Index B),11.0,,sample,B,,#N/A
NA,EXT00010,F,10,EXT-MX010-F10,0,LIB-MX010-F10,LIB00010 (Index B),0.0,,control,B,,#N/A
ID1300,EXT00010,F,11,EXT-MX010-F11,55.94,LIB-MX010-F11,LIB00010 (Index B),14.8,,sample,B,,#N/A
ID1658,EXT00010,G,1,EXT-MX010-G1,66.46,LIB-MX010-G1,LIB00010 (Index B),0.4,x,sample,B,lowyield,selected
ID1445,EXT00010,G,2,EXT-MX010-G2,63.53,LIB-MX010-G2,LIB00010 (Index B),8.1,,sample,B,,#N/A
ID3323,EXT00010,G,3,EXT-MX010-G3,54.71,LIB-MX010-G3,LIB00010 (Index B),9.9,,sample,B,,#N/A
ID3171,EXT00010,G,4,EXT-MX010-G4,51.42,LIB-MX010-G4,LIB00010 (Index B),52.3,,sample,B,,#N/A
ID1896,EXT00010,G,5,EXT-MX010-G5,57.89,LIB-MX010-G5,LIB00010 (Index B),9.9,,sample,B,,#N/A
ID1521,EXT00010,G,6,EXT-MX010-G6,26.45,LIB-MX010-G6,LIB00010 (Index B),10.6,,sample,B,,#N/A
ID3292,EXT00010,G,7,EXT-MX010-G7,54.36,LIB-MX010-G7,LIB00010 (Index B),7.9,,sample,B,,#N/A
ID1900,EXT00010,G,8,EXT-MX010-G8,60.56,LIB-MX010-G8,LIB00010 (Index B),9.3,,sample,B,,#N/A
ID3145,EXT00010,G,9,EXT-MX010-G9,62.33,LIB-MX010-G9,LIB00010 (Index B),15.4,,sample,B,,#N/A
ID1372,EXT00010,G,10,EXT-MX010-G10,53.25,LIB-MX010-G10,LIB00010 (Index B),13.9,,sample,B,,#N/A
ID1506,EXT00010,G,11,EXT-MX010-G11,64.3,LIB-MX010-G11,LIB00010 (Index B),9.1,,sample,B,,#N/A
ID1170,EXT00010,H,1,EXT-MX010-H1,58.69,LIB-MX010-H1,LIB00010 (Index B),0.2,x,sample,B,lowyield,selected
ID1815,EXT00010,H,2,EXT-MX010-H2,138,LIB-MX010-H2,LIB00010 (Index B),1.6,,sample,B,,#N/A
ID1255,EXT00010,H,3,EXT-MX010-H3,69.15,LIB-MX010-H3,LIB00010 (Index B),9.6,,sample,B,,#N/A
ID3203,EXT00010,H,4,EXT-MX010-H4,53.41,LIB-MX010-H4,LIB00010 (Index B),18.3,,sample,B,,#N/A
ID1651,EXT00010,H,5,EXT-MX010-H5,73.8,LIB-MX010-H5,LIB00010 (Index B),11.1,,sample,B,,#N/A
ID1840,EXT00010,H,6,EXT-MX010-H6,8.44,LIB-MX010-H6,LIB00010 (Index B),8.9,,sample,B,,#N/A
ID1718,EXT00010,H,7,EXT-MX010-H7,48.18,LIB-MX010-H7,LIB00010 (Index B),8.3,,sample,B,,#N/A
ID1880,EXT00010,H,8,EXT-MX010-H8,20.81,LIB-MX010-H8,LIB00010 (Index B),9.2,,sample,B,,#N/A
ID1091,EXT00010,H,9,EXT-MX010-H9,32.77,LIB-MX010-H9,LIB00010 (Index B),11.8,,sample,B,,#N/A
ID1471,EXT00010,H,10,EXT-MX010-H10,52.46,LIB-MX010-H10,LIB00010 (Index B),11.9,,sample,B,,#N/A
ID1301,EXT00010,H,11,EXT-MX010-H11,70.46,LIB-MX010-H11,LIB00010 (Index B),10.0,,sample,B,,#N/A
ID3199,EXT00011,A,1,EXT-MX011-A1,17.98,LIB-MX011-A1,LIB00011 (Index C),0.6,x,sample,C,lowyield,#N/A
ID1701,EXT00011,A,2,EXT-MX011-A2,33.95,LIB-MX011-A2,LIB00011 (Index C),3.8,,sample,C,,#N/A
ID1701,EXT00011,A,2,EXT-MX011-A2,33.95,LIB-MX011-A2,LIB00011 (Index C),3.8,,sample,C,,#N/A
ID3258,EXT00011,A,3,EXT-MX011-A3,50.51,LIB-MX011-A3,LIB00011 (Index C),3.2,,sample,C,,#N/A
ID1272,EXT00011,A,4,EXT-MX011-A4,51.79,LIB-MX011-A4,LIB00011 (Index C),3.6,,sample,C,,#N/A
ID1371,EXT00011,A,5,EXT-MX011-A5,36.54,LIB-MX011-A5,LIB00011 (Index C),2.1,,sample,C,,#N/A
ID1464,EXT00011,A,6,EXT-MX011-A6,39.41,LIB-MX011-A6,LIB00011 (Index C),2.4,,sample,C,,#N/A
ID1446,EXT00011,A,7,EXT-MX011-A7,10.11,LIB-MX011-A7,LIB00011 (Index C),3.1,,sample,C,,#N/A
ID1696,EXT00011,A,8,EXT-MX011-A8,17.03,LIB-MX011-A8,LIB00011 (Index C),3.5,,sample,C,,#N/A
ID1270,EXT00011,A,9,EXT-MX011-A9,35.96,LIB-MX011-A9,LIB00011 (Index C),3.6,,sample,C,,#N/A
ID1276,EXT00011,A,10,EXT-MX011-A10,24.56,LIB-MX011-A10,LIB00011 (Index C),1.8,,sample,C,,#N/A
ID3344,EXT00011,A,11,EXT-MX011-A11,61.31,LIB-MX011-A11,LIB00011 (Index C),3.3,,sample,C,,#N/A
ID1491,EXT00011,B,1,EXT-MX011-B1,53.14,LIB-MX011-B1,LIB00011 (Index C),2.8,,sample,C,,#N/A
ID1110,EXT00011,B,2,EXT-MX011-B2,55.06,LIB-MX011-B2,LIB00011 (Index C),2.5,,sample,C,,#N/A
ID1346,EXT00011,B,3,EXT-MX011-B3,24.97,LIB-MX011-B3,LIB00011 (Index C),2.8,,sample,C,,#N/A
ID1787,EXT00011,B,4,EXT-MX011-B4,54.5,LIB-MX011-B4,LIB00011 (Index C),2.1,,sample,C,,#N/A
ID3148,EXT00011,B,5,EXT-MX011-B5,43.97,LIB-MX011-B5,LIB00011 (Index C),2.6,,sample,C,,#N/A
ID1081,EXT00011,B,6,EXT-MX011-B6,31.48,LIB-MX011-B6,LIB00011 (Index C),2.5,,sample,C,,#N/A
ID1461,EXT00011,B,7,EXT-MX011-B7,34.91,LIB-MX011-B7,LIB00011 (Index C),4.0,,sample,C,,#N/A
ID3230,EXT00011,B,8,EXT-MX011-B8,25.44,LIB-MX011-B8,LIB00011 (Index C),2.3,,sample,C,,#N/A
ID1243,EXT00011,B,9,EXT-MX011-B9,26.53,LIB-MX011-B9,LIB00011 (Index C),2.7,,sample,C,,#N/A
ID1762,EXT00011,B,10,EXT-MX011-B10,25.87,LIB-MX011-B10,LIB00011 (Index C),2.8,,sample,C,,#N/A
ID3242,EXT00011,B,11,EXT-MX011-B11,43.49,LIB-MX011-B11,LIB00011 (Index C),4.0,,sample,C,,#N/A
ID1999,EXT00011,C,1,EXT-MX011-C1,48.48,LIB-MX011-C1,LIB00011 (Index C),2.6,,sample,C,,#N/A
ID3189,EXT00011,C,2,EXT-MX011-C2,35.9,LIB-MX011-C2,LIB00011 (Index C),3.2,,sample,C,,#N/A
NA,EXT00011,C,3,EXT-MX011-C3,0.01,LIB-MX011-C3,LIB00011 (Index C),0.0,,control,C,,#N/A
ID1274,EXT00011,C,4,EXT-MX011-C4,21.31,LIB-MX011-C4,LIB00011 (Index C),4.0,,sample,C,,#N/A
ID1009,EXT00011,C,5,EXT-MX011-C5,51.2,LIB-MX011-C5,LIB00011 (Index C),2.0,,sample,C,,#N/A
ID1717,EXT00011,C,6,EXT-MX011-C6,24.6,LIB-MX011-C6,LIB00011 (Index C),2.3,,sample,C,,#N/A
ID1975,EXT00011,C,7,EXT-MX011-C7,31.59,LIB-MX011-C7,LIB00011 (Index C),4.2,,sample,C,,#N/A
ID1666,EXT00011,C,8,EXT-MX011-C8,40.36,LIB-MX011-C8,LIB00011 (Index C),2.2,,sample,C,,#N/A
ID1689,EXT00011,C,9,EXT-MX011-C9,44.21,LIB-MX011-C9,LIB00011 (Index C),2.7,,sample,C,,#N/A
NA,EXT00011,C,10,EXT-MX011-C10,0,LIB-MX011-C10,LIB00011 (Index C),0.0,,control,C,,#N/A
ID1671,EXT00011,C,11,EXT-MX011-C11,49.73,LIB-MX011-C11,LIB00011 (Index C),2.2,,sample,C,,#N/A
ID1721,EXT00011,D,1,EXT-MX011-D1,53.5,LIB-MX011-D1,LIB00011 (Index C),3.1,,sample,C,,#N/A
ID3399,EXT00011,D,2,EXT-MX011-D2,58.66,LIB-MX011-D2,LIB00011 (Index C),3.1,,sample,C,,#N/A
ID1890,EXT00011,D,3,EXT-MX011-D3,31.22,LIB-MX011-D3,LIB00011 (Index C),3.6,,sample,C,,#N/A
ID1360,EXT00011,D,4,EXT-MX011-D4,31.04,LIB-MX011-D4,LIB00011 (Index C),4.2,,sample,C,,#N/A
ID1963,EXT00011,D,5,EXT-MX011-D5,37.58,LIB-MX011-D5,LIB00011 (Index C),1.7,,sample,C,,#N/A
ID3321,EXT00011,D,6,EXT-MX011-D6,38.86,LIB-MX011-D6,LIB00011 (Index C),2.2,,sample,C,,#N/A
ID1316,EXT00011,D,7,EXT-MX011-D7,41.76,LIB-MX011-D7,LIB00011 (Index C),2.4,,sample,C,,#N/A
ID1731,EXT00011,D,8,EXT-MX011-D8,33.28,LIB-MX011-D8,LIB00011 (Index C),8.0,,sample,C,,#N/A
ID3352,EXT00011,D,9,EXT-MX011-D9,36.5,LIB-MX011-D9,LIB00011 (Index C),3.5,,sample,C,,#N/A
ID1079,EXT00011,D,10,EXT-MX011-D10,32.46,LIB-MX011-D10,LIB00011 (Index C),2.4,,sample,C,,#N/A
ID3144,EXT00011,D,11,EXT-MX011-D11,36.57,LIB-MX011-D11,LIB00011 (Index C),2.5,,sample,C,,#N/A
ID3055,EXT00011,E,1,EXT-MX011-E1,66.98,LIB-MX011-E1,LIB00011 (Index C),3.6,,sample,C,,#N/A
ID1402,EXT00011,E,2,EXT-MX011-E2,55.71,LIB-MX011-E2,LIB00011 (Index C),3.5,,sample,C,,#N/A
ID3200,EXT00011,E,3,EXT-MX011-E3,50.95,LIB-MX011-E3,LIB00011 (Index C),2.3,,sample,C,,#N/A
ID1369,EXT00011,E,4,EXT-MX011-E4,48.58,LIB-MX011-E4,LIB00011 (Index C),3.1,,sample,C,,#N/A
ID1395,EXT00011,E,5,EXT-MX011-E5,49.29,LIB-MX011-E5,LIB00011 (Index C),3.4,,sample,C,,#N/A
ID1770,EXT00011,E,6,EXT-MX011-E6,50.95,LIB-MX011-E6,LIB00011 (Index C),2.8,,sample,C,,#N/A
ID1108,EXT00011,E,7,EXT-MX011-E7,23.48,LIB-MX011-E7,LIB00011 (Index C),36.7,,sample,C,,#N/A
ID1561,EXT00011,E,8,EXT-MX011-E8,8.89,LIB-MX011-E8,LIB00011 (Index C),0.6,x,sample,C,lowyield,selected
ID3229,EXT00011,E,9,EXT-MX011-E9,37.55,LIB-MX011-E9,LIB00011 (Index C),2.1,,sample,C,,#N/A
ID3034,EXT00011,E,10,EXT-MX011-E10,26.77,LIB-MX011-E10,LIB00011 (Index C),2.2,,sample,C,,#N/A
ID1088,EXT00011,E,11,EXT-MX011-E11,13.24,LIB-MX011-E11,LIB00011 (Index C),1.8,,sample,C,,#N/A
ID1075,EXT00011,F,1,EXT-MX011-F1,56.45,LIB-MX011-F1,LIB00011 (Index C),2.8,,sample,C,,#N/A
ID3400,EXT00011,F,2,EXT-MX011-F2,64.67,LIB-MX011-F2,LIB00011 (Index C),3.7,,sample,C,,#N/A
NA,EXT00011,F,3,EXT-MX011-F3,0,LIB-MX011-F3,LIB00011 (Index C),0.0,,control,C,,#N/A
ID1358,EXT00011,F,4,EXT-MX011-F4,42.11,LIB-MX011-F4,LIB00011 (Index C),12.0,,sample,C,,#N/A
ID3196,EXT00011,F,5,EXT-MX011-F5,56.15,LIB-MX011-F5,LIB00011 (Index C),2.5,,sample,C,,#N/A
ID1881,EXT00011,F,6,EXT-MX011-F6,59.43,LIB-MX011-F6,LIB00011 (Index C),2.2,,sample,C,,#N/A
ID1606,EXT00011,F,7,EXT-MX011-F7,44.39,LIB-MX011-F7,LIB00011 (Index C),3.3,,sample,C,,#N/A
ID1059,EXT00011,F,8,EXT-MX011-F8,50.15,LIB-MX011-F8,LIB00011 (Index C),1.9,,sample,C,,#N/A
ID1705,EXT00011,F,9,EXT-MX011-F9,43.33,LIB-MX011-F9,LIB00011 (Index C),2.1,,sample,C,,#N/A
NA,EXT00011,F,10,EXT-MX011-F10,0,LIB-MX011-F10,LIB00011 (Index C),0.0,,control,C,,#N/A
ID1234,EXT00011,F,11,EXT-MX011-F11,33.98,LIB-MX011-F11,LIB00011 (Index C),2.5,,sample,C,,#N/A
ID1362,EXT00011,G,1,EXT-MX011-G1,36.29,LIB-MX011-G1,LIB00011 (Index C),1.0,,sample,C,,#N/A
ID1532,EXT00011,G,2,EXT-MX011-G2,67.69,LIB-MX011-G2,LIB00011 (Index C),2.6,,sample,C,,#N/A
ID1370,EXT00011,G,3,EXT-MX011-G3,46.61,LIB-MX011-G3,LIB00011 (Index C),2.6,,sample,C,,#N/A
ID3097,EXT00011,G,4,EXT-MX011-G4,47.31,LIB-MX011-G4,LIB00011 (Index C),4.8,,sample,C,,#N/A
ID1144,EXT00011,G,5,EXT-MX011-G5,72.19,LIB-MX011-G5,LIB00011 (Index C),1.8,,sample,C,,#N/A
ID1748,EXT00011,G,6,EXT-MX011-G6,43.3,LIB-MX011-G6,LIB00011 (Index C),2.3,,sample,C,,#N/A
ID1956,EXT00011,G,7,EXT-MX011-G7,43.2,LIB-MX011-G7,LIB00011 (Index C),1.8,,sample,C,,#N/A
ID3231,EXT00011,G,8,EXT-MX011-G8,9.46,LIB-MX011-G8,LIB00011 (Index C),0.0,x,sample,C,lowyield,selected
ID3102,EXT00011,G,9,EXT-MX011-G9,44.41,LIB-MX011-G9,LIB00011 (Index C),6.8,,sample,C,,#N/A
ID1566,EXT00011,G,10,EXT-MX011-G10,46.93,LIB-MX011-G10,LIB00011 (Index C),2.4,,sample,C,,#N/A
ID1901,EXT00011,G,11,EXT-MX011-G11,50.91,LIB-MX011-G11,LIB00011 (Index C),2.2,,sample,C,,#N/A
ID1095,EXT00011,H,1,EXT-MX011-H1,5.4,LIB-MX011-H1,LIB00011 (Index C),0.1,x,sample,C,lowyield,selected
ID1262,EXT00011,H,2,EXT-MX011-H2,67.84,LIB-MX011-H2,LIB00011 (Index C),3.7,,sample,C,,#N/A
ID1212,EXT00011,H,3,EXT-MX011-H3,48.82,LIB-MX011-H3,LIB00011 (Index C),3.4,,sample,C,,#N/A
ID1100,EXT00011,H,4,EXT-MX011-H4,53.03,LIB-MX011-H4,LIB00011 (Index C),2.0,,sample,C,,#N/A
ID3312,EXT00011,H,5,EXT-MX011-H5,36.22,LIB-MX011-H5,LIB00011 (Index C),2.6,,sample,C,,#N/A
ID1823,EXT00011,H,6,EXT-MX011-H6,66.51,LIB-MX011-H6,LIB00011 (Index C),2.7,,sample,C,,#N/A
ID1732,EXT00011,H,7,EXT-MX011-H7,43.17,LIB-MX011-H7,LIB00011 (Index C),3.2,,sample,C,,#N/A
ID1697,EXT00011,H,8,EXT-MX011-H8,49.46,LIB-MX011-H8,LIB00011 (Index C),1.5,,sample,C,,#N/A
ID1743,EXT00011,H,9,EXT-MX011-H9,29.21,LIB-MX011-H9,LIB00011 (Index C),3.6,,sample,C,,#N/A
ID3093,EXT00011,H,10,EXT-MX011-H10,51.96,LIB-MX011-H10,LIB00011 (Index C),2.2,,sample,C,,#N/A
NA,EXT00011,H,11,EXT-MX011-H11,4.73,LIB-MX011-H11,LIB00011 (Index C),3.1,,control,C,,#N/A
NA,EXT00001,E,12,NA,NA,LIB-MX001-E12,LIB0001 (Index A),0.0,,control,A,,#N/A
NA,EXT00001,F,12,NA,NA,LIB-MX001-F12,LIB0001 (Index A),4.3,,control,A,,#N/A
NA,EXT00002,E,12,NA,NA,LIB-MX002-E12,LIB0002 (Index B),0.0,,control,B,,#N/A
NA,EXT00002,F,12,NA,NA,LIB-MX002-F12,LIB0002 (Index B),3.6,,control,B,,#N/A
NA,EXT00003,E,12,NA,NA,LIB-MX003-E12,LIB0003 (Index C) run2,0.0,,control,C,,#N/A
NA,EXT00003,F,12,NA,NA,LIB-MX003-F12,LIB0003 (Index C) run2,0.3,,control,C,,#N/A
NA,EXT00004,E,12,NA,NA,LIB-MX004-E12,LIB0004 (Index D),0.0,,control,D,,#N/A
NA,EXT00004,F,12,NA,NA,LIB-MX004-F12,LIB0004 (Index D),2.7,,control,D,,#N/A
NA,EXT00005,E,12,NA,NA,LIB-MX005-E12,LIB0005 (Index A) run2,0.0,,control,A,,#N/A
NA,EXT00005,F,12,NA,NA,LIB-MX005-F12,LIB0005 (Index A) run2,2.3,,control,A,,#N/A
NA,EXT00006,E,12,NA,NA,LIB-MX006-E12,LIB0006 (Index B),0.0,,control,B,,#N/A
NA,EXT00006,F,12,NA,NA,LIB-MX006-F12,LIB0006 (Index B),5.8,,control,B,,#N/A
NA,EXT00007,E,12,NA,NA,LIB-MX007-E12,LIB0007 (Index C),0.0,,control,C,,#N/A
NA,EXT00007,F,12,NA,NA,LIB-MX007-F12,LIB0007 (Index C),0.8,,control,C,,#N/A
NA,EXT00008,E,12,NA,NA,LIB-MX008_run2-E12,LIB0008 run2 (Index D),0.0,,control,D,,#N/A
NA,EXT00008,F,12,NA,NA,LIB-MX008_run2-F12,LIB0008 run2 (Index D),2.8,,control,D,,#N/A
NA,EXT00009,E,12,NA,NA,LIB-MX009-E12,LIB0009_run2 (Index A),0.0,,control,A,,#N/A
NA,EXT00009,F,12,NA,NA,LIB-MX009-F12,LIB0009_run2 (Index A),6.6,,control,A,,#N/A
NA,EXT00010,E,12,NA,NA,LIB-MX010-E12,LIB00010 (Index B),0.0,,control,B,,#N/A
NA,EXT00010,F,12,NA,NA,LIB-MX010-F12,LIB00010 (Index B),10.1,,control,B,,#N/A
NA,EXT00011,E,12,NA,NA,LIB-MX011-E12,LIB00011 (Index C),0.0,,control,C,,#N/A
NA,EXT00011,F,12,NA,NA,LIB-MX011-F12,LIB00011 (Index C),3.3,,control,C,,#N/A
